phase,t_s,v,status,L,R
idle_before,0.057,11.30345058,ok,0,0
idle_before,0.113,11.30345058,ok,0,0
idle_before,0.169,11.30345058,ok,0,0
idle_before,0.225,11.30345058,ok,0,0
idle_before,0.281,11.30345058,ok,0,0
idle_before,0.337,11.30345058,ok,0,0
idle_before,0.393,11.30345058,ok,0,0
idle_before,0.449,11.30345058,ok,0,0
idle_before,0.505,11.30345058,ok,0,0
idle_before,0.561,11.30345058,ok,0,0
idle_before,0.617,11.30345058,ok,0,0
idle_before,0.677,11.30345058,ok,0,0
idle_before,0.733,11.30345058,ok,0,0
idle_before,0.789,11.30345058,ok,0,0
idle_before,0.845,11.30345058,ok,0,0
idle_before,0.901,11.30345058,ok,0,0
idle_before,0.957,11.30345058,ok,0,0
idle_before,1.013,11.30345058,ok,0,0
idle_before,1.069,11.30345058,ok,0,0
idle_before,1.125,11.30345058,ok,0,0
idle_before,1.181,11.30345058,ok,0,0
idle_before,1.237,11.30345058,ok,0,0
idle_before,1.293,11.30345058,ok,0,0
idle_before,1.349,11.30345058,ok,0,0
idle_before,1.405,11.30345058,ok,0,0
idle_before,1.461,11.30345058,ok,0,0
idle_before,1.517,11.30345058,ok,0,0
idle_before,1.573,11.30345058,ok,0,0
idle_before,1.629,11.30345058,ok,0,0
idle_before,1.685,11.30345058,ok,0,0
idle_before,1.741,11.30345058,ok,0,0
idle_before,1.797,11.30345058,ok,0,0
idle_before,1.853,11.30345058,ok,0,0
idle_before,1.913,11.30345058,ok,0,0
idle_before,1.969,11.30345058,ok,0,0
idle_before,2.025,11.30345058,ok,0,0
idle_before,2.081,11.30345058,ok,0,0
idle_before,2.137,11.30345058,ok,0,0
idle_before,2.193,11.30345058,ok,0,0
idle_before,2.249,11.30345058,ok,0,0
idle_before,2.305,11.30345058,ok,0,0
idle_before,2.361,11.30345058,ok,0,0
idle_before,2.417,11.30345058,ok,0,0
idle_before,2.473,11.30345058,ok,0,0
idle_before,2.529,11.30345058,ok,0,0
idle_before,2.585,11.30345058,ok,0,0
idle_before,2.641,11.30345058,ok,0,0
idle_before,2.697,11.30345058,ok,0,0
idle_before,2.753,11.30345058,ok,0,0
idle_before,2.809,11.30345058,ok,0,0
idle_before,2.869,11.30345058,ok,0,0
idle_before,2.925,11.30345058,ok,0,0
idle_before,2.981,11.30345058,ok,0,0
idle_before,3.037,11.30345058,ok,0,0
idle_before,3.093,11.30345058,ok,0,0
idle_before,3.149,11.30345058,ok,0,0
idle_before,3.205,11.30345058,ok,0,0
idle_before,3.261,11.30345058,ok,0,0
idle_before,3.317,11.30345058,ok,0,0
idle_before,3.373,11.30345058,ok,0,0
idle_before,3.429,11.30345058,ok,0,0
idle_before,3.485,11.30345058,ok,0,0
idle_before,3.541,11.30345058,ok,0,0
idle_before,3.597,11.30345058,ok,0,0
idle_before,3.653,11.30345058,ok,0,0
idle_before,3.709,11.30345058,ok,0,0
idle_before,3.765,11.30345058,ok,0,0
idle_before,3.821,11.30345058,ok,0,0
idle_before,3.877,11.30345058,ok,0,0
idle_before,3.933,11.30345058,ok,0,0
idle_before,3.989,11.30345058,ok,0,0
idle_before,4.045,11.30345058,ok,0,0
idle_before,4.101,11.30345058,ok,0,0
idle_before,4.157,11.30345058,ok,0,0
idle_before,4.213,11.30345058,ok,0,0
idle_before,4.269,11.30345058,ok,0,0
idle_before,4.325,11.30345058,ok,0,0
idle_before,4.381,11.30345058,ok,0,0
idle_before,4.437,11.30345058,ok,0,0
idle_before,4.493,11.30345058,ok,0,0
idle_before,4.549,11.30345058,ok,0,0
idle_before,4.605,11.30345058,ok,0,0
idle_before,4.661,11.30345058,ok,0,0
idle_before,4.717,11.30345058,ok,0,0
idle_before,4.773,11.30345058,ok,0,0
idle_before,4.829,11.30345058,ok,0,0
idle_before,4.885,11.30345058,ok,0,0
idle_before,4.941,11.30345058,ok,0,0
idle_before,4.997,11.30345058,ok,0,0
idle_before,5.053,11.30345058,ok,0,0
load_spin,0.058,11.30345058,ok,0,0
load_spin,0.118,11.30345058,ok,0,-0.021500818
load_spin,0.174,11.30345058,ok,0,-0.064493238
load_spin,0.23,11.30345058,ok,0.04298935,-0.085990984
load_spin,0.286,11.30345058,ok,0.064484025,-0.129004909
load_spin,0.342,11.30345058,ok,0.107473375,-0.150505727
load_spin,0.398,11.30345058,ok,0.12896805,-0.150484223
load_spin,0.454,11.30345058,ok,0.150462725,-0.171932838
load_spin,0.51,11.30345058,ok,0.1719574,-0.171687605
load_spin,0.566,11.30345058,ok,0.193452075,-0.171932838
load_spin,0.622,11.30345058,ok,0.193452075,-0.193507363
load_spin,0.678,11.30345058,ok,0.193452075,-0.193396819
load_spin,0.734,11.30345058,ok,0.193452075,-0.193396819
load_spin,0.79,11.30345058,ok,0.193452075,-0.193396819
load_spin,0.846,11.30345058,ok,0.193452075,-0.193507363
load_spin,0.902,11.30345058,ok,0.193452075,-0.193479715
load_spin,0.958,11.30345058,ok,0.193452075,-0.193396819
load_spin,1.014,11.30345058,ok,0.193452075,-0.193507363
load_spin,1.07,11.30345058,ok,0.193452075,-0.193396819
load_spin,1.126,11.30345058,ok,0.21494675,-0.193121011
load_spin,1.182,11.30345058,ok,0.193452075,-0.193396819
load_spin,1.238,11.30345058,ok,0.193452075,-0.193507363
load_spin,1.294,11.30345058,ok,0.193452075,-0.193396819
load_spin,1.35,11.30345058,ok,0.193452075,-0.193396819
load_spin,1.406,11.30345058,ok,0.1719574,-0.193396819
load_spin,1.462,11.30345058,ok,0.193452075,-0.193507363
load_spin,1.518,11.30345058,ok,0.193452075,-0.193507363
load_spin,1.574,11.30345058,ok,0.193452075,-0.193396819
load_spin,1.63,11.30345058,ok,0.193452075,-0.193396819
load_spin,1.686,11.30345058,ok,0.193452075,-0.193424443
load_spin,1.742,11.30345058,ok,0.1719574,-0.193673416
load_spin,1.798,11.30345058,ok,0.193452075,-0.193396819
load_spin,1.854,11.30345058,ok,0.193452075,-0.193396819
load_spin,1.91,11.30345058,ok,0.193452075,-0.193507363
load_spin,1.966,11.30345058,ok,0.193452075,-0.193507363
load_spin,2.022,11.30345058,ok,0.193452075,-0.193507363
load_spin,2.078,11.30345058,ok,0.193452075,-0.193507363
load_spin,2.134,11.30345058,ok,0.21494675,-0.193507363
load_spin,2.19,11.30345058,ok,0.21494675,-0.193396819
load_spin,2.246,11.30345058,ok,0.193452075,-0.193258816
load_spin,2.302,11.30345058,ok,0.193452075,-0.193396819
load_spin,2.358,11.30345058,ok,0.21494675,-0.215008181
load_spin,2.414,11.30345058,ok,0.193452075,-0.214885354
load_spin,2.482,11.30345058,ok,0.206860389,-0.206370321
load_spin,2.538,11.30345058,ok,0.21494675,-0.193507363
load_spin,2.594,11.30345058,ok,0.193452075,-0.193507363
load_spin,2.65,11.30345058,ok,0.193452075,-0.193507363
load_spin,2.706,11.30345058,ok,0.193452075,-0.193396819
load_spin,2.762,11.30345058,ok,0.21494675,-0.193231239
load_spin,2.818,11.30345058,ok,0.193452075,-0.193507363
load_spin,2.874,11.30345058,ok,0.21494675,-0.193396819
load_spin,2.93,11.30345058,ok,0.21494675,-0.193396819
load_spin,2.986,11.30345058,ok,0.193452075,-0.214885354
load_spin,3.042,11.30345058,ok,0.193452075,-0.193396819
idle_after,0.056,11.30345058,ok,0.1719574,-0.214823994
idle_after,0.112,11.30345058,ok,0.12896805,-0.150505727
idle_after,0.168,11.30345058,ok,0.12896805,-0.107442677
idle_after,0.224,11.30345058,ok,0.0859787,-0.064474814
idle_after,0.28,11.30345058,ok,0.064484025,-0.064474814
idle_after,0.336,11.30345058,ok,0.04298935,-0.021491605
idle_after,0.392,11.30345058,ok,0,-0.021500818
idle_after,0.448,11.30345058,ok,0,-0.021491605
idle_after,0.504,11.30345058,ok,0,0
idle_after,0.56,11.30345058,ok,0,0
idle_after,0.616,11.30345058,ok,0,0
idle_after,0.672,11.30345058,ok,0,0
idle_after,0.728,11.30345058,ok,0,0
idle_after,0.784,11.30345058,ok,0,0
idle_after,0.84,11.30345058,ok,0,0
idle_after,0.896,11.30345058,ok,0,0
idle_after,0.952,11.30345058,ok,0,0
idle_after,1.008,11.30345058,ok,0,0
idle_after,1.064,11.30345058,ok,0,0
idle_after,1.12,11.30345058,ok,0,0
idle_after,1.176,11.30345058,ok,0,0
idle_after,1.232,11.30345058,ok,0,0
idle_after,1.288,11.30345058,ok,0,0
idle_after,1.344,11.29207039,ok,0,0
idle_after,1.4,11.29207039,ok,0,0
idle_after,1.456,11.29207039,ok,0,0
idle_after,1.512,11.29207039,ok,0,0
idle_after,1.568,11.29207039,ok,0,0
idle_after,1.624,11.29207039,ok,0,0
idle_after,1.68,11.29207039,ok,0,0
idle_after,1.736,11.29207039,ok,0,0
idle_after,1.792,11.29207039,ok,0,0
idle_after,1.848,11.29207039,ok,0,0
idle_after,1.904,11.29207039,ok,0,0
idle_after,1.96,11.29207039,ok,0,0
idle_after,2.016,11.29207039,ok,0,0
idle_after,2.072,11.29207039,ok,0,0
idle_after,2.128,11.29207039,ok,0,0
idle_after,2.184,11.29207039,ok,0,0
idle_after,2.24,11.29207039,ok,0,0
idle_after,2.296,11.29207039,ok,0,0
idle_after,2.352,11.29207039,ok,0,0
idle_after,2.408,11.29207039,ok,0,0
idle_after,2.464,11.29207039,ok,0,0
idle_after,2.52,11.29207039,ok,0,0
idle_after,2.576,11.29207039,ok,0,0
idle_after,2.632,11.29207039,ok,0,0
idle_after,2.688,11.29207039,ok,0,0
idle_after,2.744,11.29207039,ok,0,0
idle_after,2.8,11.29207039,ok,0,0
idle_after,2.86,11.29207039,ok,0,0
idle_after,2.916,11.29207039,ok,0,0
idle_after,2.972,11.29207039,ok,0,0
idle_after,3.028,11.29207039,ok,0,0
idle_after,3.084,11.29207039,ok,0,0
idle_after,3.14,11.29207039,ok,0,0
idle_after,3.196,11.29207039,ok,0,0
idle_after,3.252,11.29207039,ok,0,0
idle_after,3.308,11.29207039,ok,0,0
idle_after,3.368,11.29207039,ok,0,0
idle_after,3.424,11.29207039,ok,0,0
idle_after,3.48,11.29207039,ok,0,0
idle_after,3.536,11.29207039,ok,0,0
idle_after,3.592,11.29207039,ok,0,0
idle_after,3.648,11.29207039,ok,0,0
idle_after,3.708,11.29207039,ok,0,0
idle_after,3.764,11.29207039,ok,0,0
idle_after,3.82,11.29207039,ok,0,0
idle_after,3.876,11.29207039,ok,0,0
idle_after,3.932,11.29207039,ok,0,0
idle_after,3.988,11.29207039,ok,0,0
idle_after,4.044,11.29207039,ok,0,0
idle_after,4.1,11.29207039,ok,0,0
idle_after,4.156,11.29207039,ok,0,0
idle_after,4.216,11.29207039,ok,0,0
idle_after,4.272,11.29207039,ok,0,0
idle_after,4.328,11.29207039,ok,0,0
idle_after,4.384,11.29207039,ok,0,0
idle_after,4.44,11.29207039,ok,0,0
idle_after,4.496,11.29207039,ok,0,0
idle_after,4.552,11.29207039,ok,0,0
idle_after,4.608,11.29207039,ok,0,0
idle_after,4.664,11.29207039,ok,0,0
idle_after,4.72,11.29207039,ok,0,0
idle_after,4.776,11.29207039,ok,0,0
idle_after,4.832,11.29207039,ok,0,0
idle_after,4.888,11.29207039,ok,0,0
idle_after,4.944,11.29207039,ok,0,0
idle_after,5.0,11.29207039,ok,0,0
