phase,t_s,cmd_L,cmd_R,meas_L,meas_R
forward,0.058,0.1,0.1,0.0,0.0
forward,0.114,0.1,0.1,0.0,0.021491605
forward,0.17,0.1,0.1,0.04298935,0.042958665
forward,0.226,0.1,0.1,0.04298935,0.064484025
forward,0.282,0.1,0.1,0.064484025,0.064474814
forward,0.338,0.1,0.1,0.064484025,0.064419605
forward,0.394,0.1,0.1,0.0859787,0.085990984
forward,0.454,0.1,0.1,0.0859787,0.086003272
forward,0.51,0.1,0.1,0.107473375,0.107504091
forward,0.566,0.1,0.1,0.107473375,0.086003272
forward,0.626,0.1,0.1,0.107473375,0.107504091
forward,0.686,0.1,0.1,0.107473375,0.085990984
forward,0.742,0.1,0.1,0.107473375,0.107350689
forward,0.802,0.1,0.1,0.107473375,0.086003272
forward,0.862,0.1,0.1,0.09402745,0.075137441
forward,0.918,0.1,0.1,0.107473375,0.086003272
forward,0.978,0.1,0.1,0.0859787,0.085990984
forward,1.034,0.1,0.1,0.107473375,0.085954142
forward,1.09,0.1,0.1,0.107473375,0.085917331
forward,1.146,0.1,0.1,0.107473375,0.086003272
forward,1.202,0.1,0.1,0.107473375,0.085966419
forward,1.258,0.1,0.1,0.107473375,0.085905067
forward,1.314,0.1,0.1,0.0859787,0.107488731
forward,1.37,0.1,0.1,0.107473375,0.086015564
forward,1.426,0.1,0.1,0.107473375,0.085966419
forward,1.482,0.1,0.1,0.0859787,0.085954142
forward,1.538,0.1,0.1,0.107473375,0.107442677
forward,1.594,0.1,0.1,0.107473375,0.107442677
forward,1.654,0.1,0.1,0.107473375,0.085966419
forward,1.71,0.1,0.1,0.0859787,0.107458024
forward,1.766,0.1,0.1,0.0859787,0.086089386
forward,1.822,0.1,0.1,0.0859787,0.107442677
forward,1.878,0.1,0.1,0.0859787,0.085954142
forward,1.934,0.1,0.1,0.107473375,0.107442677
forward,1.99,0.1,0.1,0.107473375,0.086003272
forward,2.05,0.1,0.1,0.0859787,0.085990984
reverse,0.058,-0.1,-0.1,0.0,0.0
reverse,0.114,-0.1,-0.1,0.0,0.0
reverse,0.174,-0.1,-0.1,0.0,0.0
reverse,0.23,-0.1,-0.1,0.0,0.0
reverse,0.286,-0.1,-0.1,0.0,0.0
reverse,0.346,-0.1,-0.1,0.0,0.0
reverse,0.402,-0.1,-0.1,-0.04298935,0.0
reverse,0.458,-0.1,-0.1,-0.04298935,-0.021506965
reverse,0.518,-0.1,-0.1,-0.064484025,-0.021491605
reverse,0.574,-0.1,-0.1,-0.0859787,-0.043001636
reverse,0.63,-0.1,-0.1,-0.064484025,-0.043001636
reverse,0.686,-0.1,-0.1,-0.064484025,-0.064484025
reverse,0.742,-0.1,-0.1,-0.0859787,-0.085990984
reverse,0.798,-0.1,-0.1,-0.0859787,-0.085966419
reverse,0.854,-0.1,-0.1,-0.107473375,-0.085966419
reverse,0.91,-0.1,-0.1,-0.0859787,-0.107488731
reverse,0.966,-0.1,-0.1,-0.107473375,-0.107504091
reverse,1.03,-0.1,-0.1,-0.09402745,-0.093804691
reverse,1.086,-0.1,-0.1,-0.107473375,-0.107519455
reverse,1.142,-0.1,-0.1,-0.107473375,-0.107504091
reverse,1.198,-0.1,-0.1,-0.107473375,-0.107458024
reverse,1.258,-0.1,-0.1,-0.0859787,-0.107442677
reverse,1.318,-0.1,-0.1,-0.0859787,-0.107442677
reverse,1.374,-0.1,-0.1,-0.107473375,-0.107458024
reverse,1.43,-0.1,-0.1,-0.107473375,-0.086003272
reverse,1.486,-0.1,-0.1,-0.0859787,-0.107488731
reverse,1.542,-0.1,-0.1,-0.0859787,-0.085954142
reverse,1.598,-0.1,-0.1,-0.107473375,-0.107366009
reverse,1.654,-0.1,-0.1,-0.0859787,-0.107488731
reverse,1.71,-0.1,-0.1,-0.0859787,-0.107534824
reverse,1.766,-0.1,-0.1,-0.0859787,-0.085954142
reverse,1.822,-0.1,-0.1,-0.0859787,-0.107442677
reverse,1.878,-0.1,-0.1,-0.0859787,-0.085990984
reverse,1.935,-0.1,-0.1,-0.0859787,-0.107488731
reverse,1.991,-0.1,-0.1,-0.107473375,-0.107504091
reverse,2.047,-0.1,-0.1,-0.0859787,-0.085954142
