phase,ms,L,R
drive,21.5,0.0,0.0
drive,21.7,0.0,0.0
drive,42.0,0.0,0.0
drive,62.2,0.0,0.0
drive,62.3,0.0,0.0
drive,62.4,0.0,0.0
drive,82.7,0.0,0.0
drive,103.0,0.0,0.0
drive,103.1,0.0,0.0
drive,123.3,0.0,0.0
drive,123.4,0.0,0.0
drive,143.6,0.0,0.0
drive,163.8,0.0,0.0
drive,163.9,0.0,0.0
drive,164.0,0.0,0.0
drive,184.2,0.0,0.0
drive,204.5,0.0,0.0
drive,204.6,0.018807841,0.0
drive,224.8,0.016718081,0.016719938
drive,245.0,0.018807841,0.01880549
drive,245.1,0.025077121,0.025078514
drive,265.3,0.037615681,0.03760628
drive,285.6,0.033436161,0.025079908
drive,285.6,0.037615681,0.01880314
drive,305.8,0.033436161,0.025072942
drive,305.9,0.037615681,0.018812544
drive,326.1,0.041795201,0.033441735
drive,346.3,0.037615681,0.03760628
drive,346.4,0.050154242,0.033439877
drive,366.6,0.056423522,0.03761098
drive,392.0,0.058513282,0.041797523
drive,392.2,0.056423522,0.05641647
drive,412.4,0.058513282,0.050126394
drive,412.5,0.056423522,0.037648624
drive,432.7,0.066872322,0.05016539
drive,452.9,0.075231363,0.05641647
drive,453.0,0.066872322,0.058516533
drive,473.2,0.075231363,0.07522196
drive,493.5,0.075231363,0.075235542
drive,493.6,0.075231363,0.05641647
drive,513.8,0.075231363,0.083548629
drive,513.9,0.075231363,0.075306669
drive,534.1,0.083590403,0.083599692
drive,554.3,0.075231363,0.09402745
drive,554.4,0.083590403,0.083595047
drive,574.6,0.075231363,0.09402745
drive,594.8,0.091949443,0.083595047
drive,594.9,0.094039203,0.09402745
drive,615.1,0.091949443,0.083576473
drive,635.3,0.094039203,0.094062719
drive,635.3,0.091949443,0.091959661
drive,655.5,0.094039203,0.09402745
drive,675.8,0.091949443,0.091954552
drive,675.9,0.094039203,0.09402745
drive,702.4,0.100308483,0.091954552
drive,702.5,0.094039203,0.07522196
drive,722.7,0.100308483,0.091893286
drive,722.8,0.094039203,0.094133337
drive,743.0,0.091949443,0.091969881
drive,763.2,0.112847044,0.09402745
drive,763.3,0.100308483,0.091954552
drive,783.4,0.094039203,0.09402745
drive,803.6,0.100308483,0.091954552
drive,803.7,0.094039203,0.09402745
drive,824.0,0.100308483,0.091903491
drive,824.1,0.112847044,0.112945871
drive,844.3,0.100308483,0.091964771
drive,864.4,0.112847044,0.112818839
drive,864.5,0.100308483,0.10031963
drive,884.7,0.112847044,0.09402745
drive,905.0,0.100308483,0.100314056
drive,905.0,0.094039203,0.09402745
drive,925.3,0.100308483,0.100291768
drive,945.5,0.112847044,0.112875263
drive,945.6,0.100308483,0.10031963
drive,965.8,0.112847044,0.09402745
drive,986.0,0.100308483,0.100314056
drive,986.1,0.112847044,0.09402745
drive,1012.0,0.100308483,0.100314056
drive,1012.2,0.112847044,0.11283294
drive,1032.4,0.108667524,0.100252787
drive,1032.5,0.112847044,0.112945871
drive,1052.7,0.108667524,0.100330779
drive,1073.0,0.094039203,0.11283294
drive,1073.1,0.108667524,0.100314056
drive,1093.3,0.112847044,0.11283294
drive,1113.5,0.100308483,0.100314056
drive,1113.6,0.112847044,0.112818839
drive,1133.8,0.108667524,0.100263922
drive,1154.0,0.112847044,0.112960004
drive,1154.1,0.100308483,0.108679599
drive,1174.2,0.112847044,0.09402745
drive,1194.5,0.100308483,0.100314056
drive,1194.6,0.112847044,0.11283294
drive,1214.8,0.108667524,0.100314056
drive,1214.9,0.094039203,0.09402745
drive,1235.1,0.108667524,0.100291768
drive,1255.3,0.112847044,0.112875263
drive,1255.4,0.100308483,0.091959661
drive,1275.6,0.094039203,0.11283294
drive,1295.8,0.108667524,0.091954552
drive,1295.9,0.112790648,0.093804691
drive,1323.3,0.108691677,0.100420061
drive,1323.4,0.112847044,0.094015699
drive,1343.5,0.100308483,0.100252787
drive,1343.6,0.112847044,0.09412156
drive,1363.8,0.100308483,0.100336355
drive,1384.0,0.112847044,0.094015699
drive,1384.1,0.108667524,0.091959661
drive,1404.3,0.094039203,0.094015699
drive,1424.5,0.108667524,0.10031963
drive,1424.6,0.112847044,0.094015699
drive,1444.8,0.100308483,0.091908595
drive,1465.0,0.112847044,0.112945871
drive,1465.1,0.108667524,0.100325204
drive,1485.3,0.112847044,0.094015699
drive,1505.6,0.108667524,0.10031963
drive,1505.7,0.112847044,0.112818839
drive,1525.9,0.117026564,0.10031963
drive,1526.0,0.112847044,0.112818839
drive,1546.1,0.108667524,0.100297339
drive,1566.3,0.112847044,0.112861151
drive,1566.4,0.117026564,0.100325204
drive,1586.6,0.112847044,0.09402745
drive,1606.9,0.108667524,0.108673561
drive,1606.9,0.112847044,0.09402745
drive,1633.7,0.108667524,0.100314056
drive,1633.8,0.112847044,0.09402745
drive,1654.0,0.108667524,0.108607186
drive,1674.2,0.112847044,0.094109786
drive,1674.3,0.108667524,0.100336355
drive,1694.5,0.094039203,0.09402745
drive,1714.7,0.108667524,0.100314056
drive,1714.8,0.112847044,0.09402745
drive,1734.9,0.108667524,0.100314056
drive,1735.0,0.112847044,0.09402745
drive,1755.2,0.108667524,0.100258354
drive,1775.4,0.094039203,0.094133337
drive,1775.5,0.108667524,0.10031963
drive,1795.7,0.094039203,0.09402745
drive,1815.9,0.108667524,0.100314056
drive,1816.0,0.094039203,0.09402745
drive,1836.2,0.108667524,0.108673561
drive,1856.4,0.094039203,0.09402745
drive,1856.5,0.100308483,0.100291768
drive,1876.7,0.112847044,0.112875263
drive,1896.9,0.100308483,0.10031963
drive,1896.9,0.094039203,0.09402745
drive,1917.1,0.100308483,0.108673561
drive,1917.2,0.112847044,0.09402745
drive,1943.9,0.100308483,0.108673561
drive,1944.0,0.094039203,0.09402745
drive,1964.2,0.100308483,0.108607186
drive,1984.4,0.094039203,0.09412156
drive,1984.5,0.100308483,0.100330779
drive,2004.8,0.094039203,0.112818839
drive,2025.0,0.100308483,0.091959661
drive,2025.1,0.112847044,0.09402745
drive,2045.4,0.091949443,0.100314056
drive,2045.5,0.094039203,0.09402745
drive,2065.7,0.100308483,0.100258354
drive,2085.9,0.094039203,0.094133337
drive,2086.0,0.100308483,0.091959661
drive,2106.2,0.094039203,0.112818839
drive,2126.5,0.100308483,0.091959661
drive,2126.5,0.094039203,0.11283294
drive,2146.7,0.091949443,0.091954552
drive,2166.9,0.094039203,0.11283294
drive,2167.0,0.091949443,0.091934121
drive,2187.2,0.094039203,0.094062719
drive,2207.4,0.100308483,0.10031963
drive,2207.5,0.094039203,0.112818839
drive,2227.7,0.091949443,0.10031963
drive,2227.8,0.094039203,0.112818839
drive,2255.9,0.091949443,0.10031963
drive,2256.0,0.094039203,0.093992207
drive,2276.2,0.100308483,0.100286198
drive,2296.4,0.094039203,0.094086246
drive,2296.5,0.100308483,0.100330779
drive,2316.7,0.094039203,0.09402745
drive,2336.9,0.091949443,0.108667524
drive,2337.0,0.094039203,0.094039203
drive,2357.3,0.091949443,0.100308483
drive,2357.4,0.094039203,0.094039203
drive,2377.6,0.100308483,0.100252787
drive,2397.9,0.094039203,0.11297414
drive,2398.0,0.091949443,0.100314056
drive,2418.2,0.094039203,0.112847044
drive,2438.5,0.100308483,0.100308483
drive,2438.5,0.094039203,0.094039203
drive,2458.7,0.100308483,0.100308483
drive,2478.9,0.094039203,0.112847044
drive,2479.0,0.100308483,0.100286198
drive,2499.3,0.112847044,0.112889377
drive,2519.5,0.091949443,0.100314056
drive,2519.6,0.112847044,0.112847044
drive,2539.8,0.100308483,0.100314056
drive,2539.9,0.094039203,0.11283294
drive,2567.9,0.100308483,0.100314056
drive,2568.0,0.112847044,0.093992207
drive,2588.2,0.100308483,0.108643381
drive,2608.4,0.094039203,0.094086246
drive,2608.5,0.091949443,0.100330779
drive,2628.7,0.094039203,0.11283294
drive,2648.9,0.100308483,0.091949443
drive,2649.0,0.094039203,0.094039203
drive,2669.2,0.100308483,0.100314056
drive,2669.3,0.112847044,0.094015699
drive,2689.5,0.091949443,0.100263922
drive,2709.7,0.112847044,0.09412156
drive,2709.8,0.091949443,0.100325204
drive,2729.9,0.094039203,0.094015699
drive,2750.1,0.108667524,0.10031963
drive,2750.2,0.094039203,0.094015699
drive,2770.4,0.100308483,0.091959661
drive,2790.6,0.112847044,0.094015699
drive,2790.7,0.100308483,0.100297339
drive,2810.9,0.094039203,0.09405096
drive,2831.1,0.108667524,0.100325204
drive,2831.2,0.094039203,0.094015699
drive,2851.3,0.108667524,0.091959661
drive,2851.4,0.112847044,0.075212559
drive,2875.8,0.100308483,0.091959661
drive,2875.9,0.094039203,0.093980465
drive,2896.2,0.100308483,0.091934121
drive,2916.4,0.112847044,0.094074481
drive,2936.6,0.100308483,0.091974992
drive,2936.9,0.112847044,0.075212559
drive,2957.1,0.100308483,0.091959661
drive,2957.2,0.112847044,0.094015699
drive,2977.4,0.108667524,0.091959661
drive,2997.7,0.094039203,0.094015699
drive,2997.8,0.108667524,0.091908595
drive,3018.0,0.112847044,0.075297248
drive,3038.4,0.108667524,0.100325204
drive,3038.5,0.112847044,0.094015699
silence,204.0,0.100308483,0.091959661
silence,204.1,0.112847044,0.094015699
silence,224.4,0.108667524,0.10031963
silence,244.6,0.094039203,0.094015699
silence,244.7,0.108667524,0.100297339
silence,265.0,0.112847044,0.112861151
silence,285.3,0.108667524,0.100325204
silence,285.3,0.094039203,0.094015699
silence,305.5,0.108667524,0.108679599
silence,325.7,0.112847044,0.094015699
silence,325.8,0.100308483,0.10031963
silence,346.1,0.112847044,0.112818839
silence,366.3,0.100308483,0.100297339
silence,366.4,0.112847044,0.112861151
silence,386.6,0.100308483,0.100325204
silence,386.7,0.112847044,0.112818839
silence,406.9,0.100308483,0.10031963
silence,427.1,0.112847044,0.112818839
silence,427.2,0.100308483,0.10031963
silence,447.4,0.112847044,0.094015699
silence,467.6,0.100308483,0.100297339
silence,467.7,0.094039203,0.112861151
silence,487.9,0.108667524,0.100325204
silence,488.0,0.112847044,0.094015699
silence,508.3,0.100308483,0.10031963
silence,528.5,0.112847044,0.112818839
silence,548.7,0.100308483,0.10031963
silence,548.7,0.112847044,0.112818839
silence,568.9,0.100308483,0.100297339
silence,569.0,0.112847044,0.112861151
silence,589.2,0.100308483,0.108685638
silence,609.4,0.094039203,0.094015699
silence,609.5,0.108667524,0.10031963
silence,629.7,0.094039203,0.112818839
silence,650.0,0.100308483,0.108679599
silence,650.1,0.094039203,0.094015699
silence,670.3,0.100308483,0.108655451
silence,670.4,0.112847044,0.112861151
silence,690.6,0.100308483,0.100325204
silence,710.8,0.094039203,0.112818839
silence,710.8,0.100308483,0.10031963
silence,731.0,0.112847044,0.112818839
silence,751.3,0.100308483,0.10031963
silence,751.3,0.094039203,0.112818839
silence,771.5,0.100308483,0.091939228
silence,791.7,0.094039203,0.112861151
silence,791.8,0.100308483,0.100325204
silence,812.0,0.112847044,0.094015699
silence,832.2,0.091949443,0.108679599
silence,832.3,0.112847044,0.094015699
silence,852.5,0.100308483,0.108679599
silence,852.6,0.094039203,0.094015699
silence,872.7,0.100308483,0.100297339
silence,892.9,0.094039203,0.09405096
silence,893.0,0.100308483,0.108685638
silence,913.2,0.094039203,0.094015699
silence,933.4,0.091949443,0.108679599
silence,933.5,0.094039203,0.09402745
silence,953.7,0.100308483,0.108673561
silence,973.9,0.094039203,0.09402745
silence,974.0,0.100308483,0.108643381
silence,994.1,0.094039203,0.094074481
silence,1014.3,0.091949443,0.108673561
silence,1014.4,0.094039203,0.112847044
silence,1034.6,0.100308483,0.108667524
silence,1034.7,0.094039203,0.094039203
silence,1054.9,0.091949443,0.100308483
silence,1075.1,0.094039203,0.112847044
silence,1075.1,0.100308483,0.100286198
silence,1095.3,0.094039203,0.112889377
silence,1115.5,0.091949443,0.10031963
silence,1115.6,0.094039203,0.11283294
silence,1135.9,0.091949443,0.100308483
silence,1156.3,0.094039203,0.094039203
silence,1156.4,0.091949443,0.108667524
silence,1176.5,0.094039203,0.094039203
silence,1196.8,0.091949443,0.108643381
silence,1196.9,0.094039203,0.094074481
silence,1217.2,0.091949443,0.108673561
silence,1217.3,0.094039203,0.094039203
silence,1237.5,0.091949443,0.100308483
silence,1257.7,0.094039203,0.112847044
silence,1257.8,0.100308483,0.100308483
silence,1278.0,0.094039203,0.094039203
silence,1298.2,0.091949443,0.108643381
silence,1298.3,0.094039203,0.094074481
silence,1318.5,0.091949443,0.100314056
silence,1338.7,0.094039203,0.094039203
silence,1338.8,0.100308483,0.100314056
silence,1359.0,0.094039203,0.094015699
silence,1379.2,0.100308483,0.091959661
silence,1379.3,0.094039203,0.094015699
silence,1399.5,0.100308483,0.091939228
silence,1399.5,0.112847044,0.09405096
silence,1419.7,0.100308483,0.091964771
silence,1439.9,0.094039203,0.094015699
silence,1440.0,0.108667524,0.091959661
silence,1460.2,0.094039203,0.094015699
silence,1480.4,0.108667524,0.091959661
silence,1480.5,0.094039203,0.094015699
silence,1500.7,0.100308483,0.091939228
silence,1520.9,0.094039203,0.094062719
silence,1520.9,0.108667524,0.091959661
silence,1541.2,0.094039203,0.09402745
silence,1561.5,0.108667524,0.091954552
silence,1561.6,0.094039203,0.09402745
silence,1581.8,0.100308483,0.100314056
silence,1581.8,0.112847044,0.09402745
silence,1602.0,0.100308483,0.091934121
silence,1622.2,0.112847044,0.094062719
silence,1622.3,0.108667524,0.10031963
silence,1642.6,0.094039203,0.094015699
silence,1662.8,0.108667524,0.10031963
silence,1662.9,0.094039203,0.094015699
silence,1683.1,0.100308483,0.10031963
silence,1703.5,0.112847044,0.094015699
silence,1703.6,0.108667524,0.100297339
silence,1723.8,0.094039203,0.09405096
silence,1744.0,0.100308483,0.100325204
silence,1744.1,0.112847044,0.094015699
silence,1764.4,0.100308483,0.091959661
silence,1764.5,0.094039203,0.09402745
silence,1784.7,0.100308483,0.100314056
silence,1805.0,0.112847044,0.094015699
silence,1805.1,0.100308483,0.091939228
silence,1825.2,0.094039203,0.09405096
silence,1845.5,0.100308483,0.100325204
silence,1845.6,0.094039203,0.094015699
silence,1865.8,0.108667524,0.10031963
silence,1865.9,0.094039203,0.112818839
silence,1886.0,0.100308483,0.10031963
silence,1906.2,0.112847044,0.112818839
silence,1906.3,0.100308483,0.100297339
silence,1926.6,0.112847044,0.112861151
silence,1946.9,0.100308483,0.100325204
silence,1947.0,0.094039203,0.112818839
silence,1967.2,0.108667524,0.108679599
silence,1987.4,0.094039203,0.094015699
silence,1987.5,0.108667524,0.108679599
silence,2007.7,0.094039203,0.112818839
silence,2027.9,0.100308483,0.108655451
silence,2028.0,0.112847044,0.09405096
silence,2048.2,0.100308483,0.108685638
silence,2048.3,0.112847044,0.094015699
silence,2068.5,0.100308483,0.10031963
silence,2088.7,0.112847044,0.112818839
silence,2088.8,0.100308483,0.10031963
silence,2109.0,0.112847044,0.112818839
silence,2129.2,0.100308483,0.100297339
silence,2129.3,0.112847044,0.09405096
silence,2149.6,0.108667524,0.100325204
silence,2169.9,0.094039203,0.094015699
silence,2169.9,0.108667524,0.091959661
silence,2190.2,0.094039203,0.112818839
silence,2210.5,0.108667524,0.10031963
silence,2210.5,0.094039203,0.094015699
silence,2230.8,0.108667524,0.100297339
silence,2230.9,0.094039203,0.09405096
silence,2251.2,0.108667524,0.091964771
silence,2271.4,0.094039203,0.112818839
silence,2271.5,0.100308483,0.10031963
silence,2291.6,0.112847044,0.09402745
silence,2311.8,0.100308483,0.108673561
silence,2311.9,0.094039203,0.11283294
silence,2332.1,0.100308483,0.100291768
silence,2352.3,0.112847044,0.094062719
silence,2352.4,0.100308483,0.100314056
silence,2372.5,0.112847044,0.112847044
silence,2392.8,0.100308483,0.100308483
silence,2392.8,0.094039203,0.112847044
silence,2413.0,0.100308483,0.100308483
silence,2413.1,0.112847044,0.112847044
silence,2433.3,0.100297339,0.100213837
silence,2453.5,0.112875263,0.094227658
silence,2453.6,0.100308483,0.100314056
silence,2473.8,0.094039203,0.112847044
silence,2493.9,0.100308483,0.100308483
silence,2494.0,0.094039203,0.112847044
silence,2514.2,0.108667524,0.100308483
silence,2534.4,0.094039203,0.094039203
silence,2534.5,0.100308483,0.100280628
silence,2554.7,0.094039203,0.094086246
silence,2574.9,0.100308483,0.100314056
silence,2575.0,0.094039203,0.112847044
silence,2595.2,0.108667524,0.100308483
silence,2595.2,0.094039203,0.094039203
silence,2615.4,0.100308483,0.100308483
silence,2635.6,0.094039203,0.094039203
silence,2635.7,0.091949443,0.108643381
silence,2656.0,0.094039203,0.094074481
silence,2676.2,0.100308483,0.108673561
silence,2676.3,0.094039203,0.094039203
silence,2696.5,0.100308483,0.108667524
silence,2716.7,0.094039203,0.094039203
silence,2716.8,0.100308483,0.100308483
silence,2737.0,0.094039203,0.094039203
silence,2757.2,0.091949443,0.100286198
silence,2757.3,0.112847044,0.112889377
silence,2777.5,0.091949443,0.100314056
silence,2777.8,0.112847044,0.094039203
silence,2798.0,0.100308483,0.100308483
silence,2818.2,0.094039203,0.112847044
silence,2818.3,0.100308483,0.091949443
silence,2838.5,0.094039203,0.112847044
silence,2858.7,0.100308483,0.100280628
silence,2858.8,0.094039203,0.094086246
silence,2879.0,0.100308483,0.108673561
silence,2879.1,0.094039203,0.094039203
silence,2899.2,0.100308483,0.100314056
silence,2919.4,0.094039203,0.11283294
silence,2919.5,0.100308483,0.100314056
silence,2939.7,0.094039203,0.112818839
silence,2959.9,0.100308483,0.100297339
silence,2959.9,0.094039203,0.094062719
silence,2980.2,0.108667524,0.10031963
silence,3000.4,0.094039203,0.11283294
silence,3000.4,0.100308483,0.100314056
silence,3020.6,0.094039203,0.09402745
silence,3040.8,0.108667524,0.091954552
silence,3040.9,0.094039203,0.11283294
silence,3061.1,0.108667524,0.091934121
silence,3061.1,0.094039203,0.094062719
silence,3081.3,0.100308483,0.100308483
silence,3101.5,0.112847044,0.112861151
silence,3101.6,0.091949443,0.100314056
silence,3121.7,0.094039203,0.09402745
silence,3142.0,0.100308483,0.108667524
silence,3142.1,0.094039203,0.094039203
silence,3162.3,0.100308483,0.108649415
silence,3182.6,0.112847044,0.09405096
silence,3182.7,0.083590403,0.091964771
silence,3202.9,0.075231363,0.094015699
silence,3223.1,0.075231363,0.075239723
silence,3223.2,0.075231363,0.05640942
silence,3243.4,0.066872322,0.066879753
silence,3243.5,0.075231363,0.05640942
silence,3263.8,0.058513282,0.058503531
silence,3284.0,0.056423522,0.056437631
silence,3284.1,0.058513282,0.050162602
silence,3304.3,0.037615681,0.03760628
silence,3324.5,0.041795201,0.041799846
silence,3324.6,0.037615681,0.03761098
silence,3344.8,0.033436161,0.033438019
silence,3365.1,0.018807841,0.01880549
silence,3365.2,0.033436161,0.025068765
silence,3385.4,0.018807841,0.018814896
silence,3405.6,0.00835904,0.016719938
silence,3405.7,0.018807841,0.01880549
silence,3425.9,0.0,0.008360434
silence,3426.0,0.0,0.0
silence,3446.2,0.0,0.0
