t_s,gx,gy,gz,ax,ay,az,r,p,y,temp
0.0575,-0.027500033,-4.908750057,-0.326249987,-0.37109375,2.939453125,977.2753906,-0.096078262,-0.431104541,119.966629,36.11111069
0.1135,-0.215000033,2.278749943,-0.263749987,2.0703125,-1.455078125,981.1816406,-0.033761255,-0.090578526,120.1424484,35.55555725
0.1695,0.034999967,-1.096250057,-0.201249987,-0.37109375,2.451171875,980.6933594,-0.02586215,-0.170520201,119.8442764,35.55555725
0.2255,0.597499967,-2.283750057,-0.263749987,0.1171875,3.916015625,983.1347656,0.094044194,-0.132861927,119.4503632,35.55555725
0.2815,-0.277500033,-1.846250057,0.611250043,0.1171875,0.498046875,981.1816406,0.105400391,0.030042462,119.7853165,35.55555725
0.3375,0.097499967,-1.596250057,0.173750013,-2.32421875,0.009765625,979.2285156,0.014589323,-0.046989974,119.8195267,35.55555725
0.3934,-0.465000033,-1.471250057,-0.263749987,0.60546875,2.939453125,982.1582031,0.012889802,0.037402503,119.8609314,35.55555725
0.4494,-0.652500033,-0.721249998,-0.138749987,-1.34765625,2.451171875,976.7871094,-0.103661425,-0.307893246,119.3476334,36.11111069
0.5055,-0.090000033,-1.346250057,-0.638749957,0.1171875,2.451171875,981.1816406,0.044494964,-0.035131574,119.5062943,36.11111069
0.5655,-0.715000033,1.028749943,-0.076249987,1.58203125,0.986328125,975.3222656,0.007184117,0.072164193,119.8573227,36.11111069
0.6215,-0.090000033,-0.658749998,-0.076249987,-1.8359375,0.986328125,982.6464844,0.095128506,0.03055951,120.1563568,35.55555725
0.6775,-0.090000033,-0.721249998,-0.826249957,1.09375,2.451171875,983.6230469,0.084504381,-0.068519078,120.0862732,35.55555725
0.7335,-0.152500033,-1.908750057,0.236250013,0.60546875,0.498046875,978.7402344,0.038161885,-0.154359907,119.9734879,35.55555725
0.7896,0.159999967,-1.158750057,-0.076249987,0.1171875,1.962890625,976.7871094,0.010280152,-0.182578832,119.938324,36.11111069
0.8455,0.347499967,0.153750002,0.048750013,1.09375,0.986328125,980.6933594,0.202591628,-0.381558597,120.3046646,35.55555725
0.9014,0.222499967,-2.096250057,-0.326249987,2.0703125,2.451171875,980.2050781,-0.003186874,0.094381049,119.9676132,35
0.9575,-0.152500033,-4.096250057,-0.451249987,0.1171875,0.498046875,979.7167969,-0.051355734,-0.607050717,119.6883621,36.11111069
1.0136,0.097499967,-1.346250057,-0.451249987,1.58203125,1.474609375,980.6933594,-0.002696589,0.135355636,119.6619492,36.11111069
1.0697,-0.027500033,-0.846249998,-0.451249987,-1.34765625,1.962890625,978.7402344,-0.007205466,0.258099258,119.612648,36.11111069
1.1257,0.597499967,-1.346250057,-0.201249987,-1.34765625,1.474609375,981.6699219,0.107044443,0.064586833,119.5799561,35.55555725
1.1816,-0.527500033,-1.033750057,-0.638749957,1.09375,1.474609375,981.1816406,0.017724346,-0.078144617,119.7902603,36.11111069
1.2377,-0.090000033,-0.283749998,-0.138749987,0.60546875,2.451171875,979.2285156,-0.013352882,-0.143428087,119.4073181,35.55555725
1.2936,0.097499967,-0.971249998,0.173750013,-1.34765625,3.916015625,978.7402344,0.035154358,-0.134171933,119.353508,35.55555725
1.3496,-0.340000033,-0.158749998,-0.576249957,-2.8125,0.986328125,978.2519531,-0.059041403,-0.198362321,119.1694565,35.55555725
1.4096,0.472499967,13.52875042,-0.326249987,-1.8359375,0.986328125,978.7402344,0.092758529,0.760103583,119.4190674,36.11111069
1.4656,0.472499967,-0.721249998,-0.201249987,0.60546875,2.451171875,980.2050781,-0.017690176,-0.33815062,118.9928207,35.55555725
1.5216,-0.652500033,-0.596249998,-0.138749987,0.1171875,1.962890625,978.2519531,0.04300331,0.023260323,119.175087,35.55555725
1.5777,0.222499967,0.841250002,-0.451249987,1.58203125,0.986328125,978.7402344,-0.072272919,-0.173541278,118.6170502,36.11111069
1.6336,0.534999967,-0.471249998,-0.013749987,-1.8359375,0.498046875,978.2519531,0.081368029,0.044085622,118.801178,35.55555725
1.6897,-0.277500033,-0.471249998,0.048750013,-1.8359375,3.916015625,979.7167969,0.057419766,0.290677845,118.7098389,35.55555725
1.7456,-0.152500033,-0.658749998,-0.138749987,-1.34765625,4.404296875,981.1816406,-0.008894539,0.196578503,118.5181656,35.55555725
1.8016,-0.340000033,-0.846249998,-0.513749957,-0.37109375,1.962890625,980.2050781,0.08426255,0.329741091,118.7833862,35.55555725
1.8577,0.409999967,-0.346249998,-0.513749957,1.09375,1.962890625,978.7402344,0.110038303,0.083096087,118.9472961,35.55555725
1.9137,0.222499967,-0.283749998,-0.013749987,-0.859375,2.939453125,982.1582031,-0.036431137,-0.198791593,118.4221649,36.11111069
1.9696,0.659999967,0.278750002,-0.388749987,3.046875,1.474609375,980.2050781,0.110134467,-0.045941968,118.5636292,35.55555725
2.0256,-0.027500033,-1.908750057,-0.076249987,-0.859375,2.451171875,979.7167969,0.083525084,-0.086092114,118.8028946,36.11111069
2.0818,-0.152500033,-1.033750057,-0.326249987,-0.859375,2.451171875,978.2519531,0.167744279,0.133074984,118.5260391,36.11111069
2.1377,-0.027500033,-0.471249998,-0.388749987,1.09375,3.427734375,978.7402344,0.070030265,-0.038890824,118.5903015,35.55555725
2.1936,0.284999967,-0.846249998,-0.451249987,0.60546875,1.474609375,982.6464844,0.103247166,0.089275204,119.2107849,36.11111069
2.2497,0.409999967,-1.096250057,-0.201249987,-0.37109375,1.474609375,982.1582031,0.049760848,-0.094851948,119.1756058,35.55555725
2.3056,0.097499967,0.091250002,-0.138749987,1.58203125,1.962890625,978.7402344,-0.10448847,-0.207254618,119.5303802,35.55555725
2.3617,-0.152500033,-0.408749998,-0.013749987,-1.8359375,1.962890625,979.7167969,-0.066031307,-0.109027281,119.3756638,35.55555725
2.4217,-0.340000033,0.966250002,-0.013749987,-0.37109375,0.009765625,977.7636719,-0.067598,-0.136387616,119.1909256,35.55555725
2.4776,0.222499967,-0.471249998,-0.138749987,-0.37109375,0.986328125,979.2285156,0.046182189,-0.023614569,119.200798,35.55555725
2.5337,0.097499967,-0.971249998,-0.513749957,-1.34765625,3.916015625,978.7402344,0.079320237,-0.041295066,119.2011108,35.55555725
2.5897,-0.715000033,-0.533749998,-16.20125008,-1.34765625,2.939453125,980.2050781,-0.016014457,-0.056009877,118.3614731,36.11111069
2.6457,0.097499967,-0.971249998,15.61124992,0.60546875,2.939453125,985.5761719,0.173405454,0.059715346,119.6883621,35.55555725
2.7017,-0.527500033,-0.346249998,-0.451249987,1.58203125,2.451171875,979.7167969,-0.004298918,-0.172477528,119.3516464,36.66666794
2.7576,0.472499967,-0.283749998,-0.013749987,3.53515625,2.451171875,982.1582031,0.102109104,-0.060607977,118.6424332,36.11111069
2.8136,-0.090000033,-1.408750057,-0.326249987,-2.32421875,0.986328125,977.2753906,0.07803452,0.032637026,118.9700012,35.55555725
2.8696,0.284999967,-0.846249998,-0.513749957,3.046875,0.498046875,982.6464844,0.134644821,0.070736706,119.2447586,36.11111069
2.9256,0.034999967,-1.346250057,-0.513749957,-2.32421875,2.939453125,976.7871094,0.146199957,0.050298002,118.452507,36.11111069
2.9816,0.159999967,-0.658749998,-0.326249987,2.55859375,-0.478515625,978.7402344,0.078618646,-0.03161506,117.864975,35.55555725
3.0376,-0.215000033,-0.721249998,0.048750013,1.09375,0.498046875,977.2753906,0.217944518,0.268914163,118.0842133,36.11111069
3.0938,0.034999967,-0.721249998,-0.263749987,1.09375,1.962890625,980.2050781,0.240816087,0.181030214,118.6362534,36.11111069
3.1536,-0.215000033,0.153750002,-0.388749987,3.046875,3.916015625,982.1582031,0.177492201,0.106336102,119.0900574,35.55555725
3.2098,-0.215000033,-1.158750057,-0.076249987,1.58203125,0.498046875,981.1816406,0.094606094,-0.055383567,119.2556381,36.11111069
3.2656,0.409999967,-0.721249998,-0.513749957,-1.8359375,0.009765625,981.6699219,-0.121443093,-0.268897593,118.6381378,36.11111069
3.3216,-0.340000033,-0.658749998,-0.076249987,-0.37109375,2.451171875,978.7402344,0.01244505,-0.071264349,118.7516251,36.11111069
3.3776,0.034999967,-0.658749998,-0.138749987,2.0703125,0.986328125,981.1816406,0.077109821,0.006943465,118.8987198,35.55555725
3.4336,0.284999967,-0.783749998,-0.263749987,-1.8359375,2.939453125,980.6933594,0.051366344,0.040242109,119.145195,36.11111069
3.4896,-0.027500033,-0.346249998,-0.451249987,-3.30078125,2.939453125,980.6933594,-0.035953067,-0.085265771,118.7638016,35.55555725
3.5456,-0.465000033,-0.783749998,-0.326249987,0.60546875,0.986328125,978.2519531,-0.018206561,-0.089068182,118.9236374,36.11111069
3.6017,-0.215000033,-0.658749998,-0.513749957,-2.32421875,3.916015625,977.7636719,0.132364005,0.10083627,119.1905365,36.11111069
3.6576,0.472499967,-1.283750057,-0.201249987,1.09375,0.986328125,979.2285156,0.141977817,-0.05504857,119.1461792,36.11111069
3.7136,-0.277500033,-0.533749998,-0.263749987,1.58203125,0.986328125,981.1816406,0.111067496,-0.145458311,119.5582047,36.11111069
3.7696,-0.340000033,-0.346249998,-0.263749987,0.60546875,0.498046875,977.2753906,-0.058203943,-0.253305882,119.3808823,36.11111069
3.8257,-0.277500033,-0.846249998,-0.076249987,1.58203125,1.962890625,980.6933594,0.099228404,-0.125470668,119.568779,36.11111069
3.8816,-0.027500033,-1.346250057,-0.451249987,1.09375,1.962890625,980.2050781,-0.001319192,-0.151912719,119.4212418,35.55555725
3.9376,0.159999967,-0.846249998,-0.013749987,-0.859375,-1.455078125,980.6933594,-0.071796738,-0.152624086,119.1729584,36.11111069
3.9936,0.284999967,-0.783749998,-0.326249987,-1.8359375,1.962890625,979.7167969,-0.057411868,-0.222409651,118.8240051,36.11111069
4.0496,0.409999967,0.153750002,-0.451249987,1.09375,2.939453125,982.1582031,0.115672134,0.069987379,119.2647858,36.11111069
4.1058,-0.027500033,-0.596249998,-0.076249987,2.55859375,0.986328125,980.6933594,0.070812762,-0.018299645,119.4600067,35.55555725
4.1616,0.222499967,-1.221250057,0.048750013,-0.37109375,0.986328125,980.6933594,0.01033271,-0.121067576,119.2880707,36.11111069
4.2177,1.409999967,-0.221249998,-0.513749957,-0.37109375,0.009765625,979.2285156,0.112363033,0.013523685,119.3411026,36.11111069
4.2737,0.097499967,-0.846249998,-0.263749987,-1.8359375,1.474609375,978.7402344,0.129409611,0.21317476,119.715126,36.11111069
4.3296,0.347499967,-1.033750057,-0.513749957,-0.859375,0.009765625,979.7167969,-0.086965613,-0.310991645,119.2425461,36.11111069
4.3856,-0.215000033,-1.158750057,-0.513749957,2.0703125,3.427734375,980.6933594,0.036477618,0.251987427,119.5084229,36.11111069
4.4417,-0.152500033,-0.783749998,-0.263749987,-0.859375,3.427734375,980.2050781,0.062394604,0.567970574,119.2761841,36.66666794
4.4976,-0.090000033,-0.346249998,-0.451249987,-1.8359375,0.986328125,982.6464844,0.080952697,0.165928423,119.1275635,36.11111069
4.5537,0.659999967,-1.658750057,-0.388749987,2.0703125,0.986328125,976.2988281,0.145349354,-0.450670451,119.3861313,36.11111069
4.6097,0.722499967,0.028750002,-0.326249987,-1.34765625,1.474609375,983.1347656,0.071663879,0.336591631,119.2978516,36.11111069
4.6657,-0.152500033,-0.158749998,-0.138749987,-1.8359375,-0.478515625,980.6933594,0.053934753,0.061677542,119.2371902,36.11111069
4.7216,-0.027500033,-0.471249998,-0.326249987,-0.37109375,1.474609375,977.7636719,0.050547816,-0.020327654,119.3370056,36.11111069
4.7776,-0.340000033,-0.283749998,-0.513749957,-0.859375,0.986328125,979.2285156,0.048481606,0.092927516,119.3295746,36.11111069
4.8336,-0.715000033,-0.658749998,-0.513749957,0.1171875,3.427734375,976.7871094,0.122091271,0.13348484,119.7514343,36.11111069
4.8896,-0.277500033,-0.971249998,-0.263749987,-1.34765625,0.986328125,980.6933594,-0.028683454,-0.419091433,119.5620346,36.11111069
4.9456,-0.277500033,-1.033750057,-0.638749957,-0.859375,3.427734375,981.6699219,0.027342869,0.023490701,119.5733719,36.11111069
5.0016,0.034999967,1.153749943,-0.201249987,1.58203125,0.498046875,980.6933594,-0.007779658,0.143381074,119.3472519,36.11111069
5.0576,0.472499967,-1.783750057,15.67374992,-0.859375,2.939453125,977.7636719,-0.083292253,-0.219258234,119.8249054,36.11111069
5.1137,0.222499967,0.091250002,-0.326249987,2.0703125,0.498046875,980.2050781,0.056158971,-0.087566018,119.8301926,36.11111069
5.1696,-0.090000033,-0.221249998,-0.263749987,-0.37109375,2.939453125,983.6230469,-0.011775185,0.278775811,120.3004303,36.11111069
5.2257,0.659999967,-1.033750057,-0.451249987,3.046875,0.986328125,978.7402344,0.045267202,-0.031223631,120.262291,35.55555725
5.2817,-0.590000033,-0.283749998,-0.263749987,-0.37109375,1.962890625,981.6699219,-0.120794602,-0.351089925,119.6765137,36.11111069
5.3376,-0.152500033,-0.783749998,-0.263749987,0.1171875,1.962890625,982.1582031,-0.106146321,-0.223023012,119.5223083,35.55555725
5.3936,-0.152500033,-1.283750057,-0.013749987,-1.34765625,1.962890625,979.7167969,0.126480654,0.024266144,119.6741104,36.11111069
5.4496,0.409999967,-1.033750057,-0.451249987,2.0703125,3.427734375,979.2285156,-0.019317169,0.0834684,119.1301956,36.11111069
5.5056,-0.465000033,-0.471249998,-0.013749987,-1.8359375,2.939453125,978.7402344,-0.056169976,-0.055618409,118.9398651,36.11111069
5.5616,0.284999967,-0.971249998,-0.138749987,-1.8359375,2.451171875,978.2519531,-0.021802871,-0.108451642,118.8250275,36.11111069
5.6177,-0.152500033,-0.221249998,-0.076249987,2.55859375,5.380859375,981.1816406,0.104910873,-0.022141406,119.1344299,36.11111069
5.6736,-0.027500033,0.216250002,-0.513749957,1.09375,1.962890625,979.2285156,0.146966487,0.094389133,119.6273346,36.11111069
5.7296,0.347499967,-1.096250057,0.173750013,-2.32421875,0.009765625,981.1816406,0.015902612,-0.29382199,119.751709,36.11111069
5.7856,0.159999967,-1.658750057,-0.013749987,-0.37109375,4.404296875,978.7402344,0.076853015,-0.279003263,119.8140869,36.66666794
5.8416,1.284999967,-0.471249998,-0.701249957,0.60546875,0.009765625,981.6699219,-0.064532503,0.209513173,120.0444336,36.11111069
5.8976,0.659999967,0.028750002,-0.138749987,-1.34765625,1.474609375,979.2285156,-0.109470636,-0.252088577,119.4387817,36.66666794
5.9536,-0.590000033,-1.096250057,-0.076249987,-0.859375,3.427734375,979.2285156,0.019167816,0.440959364,119.4949036,36.11111069
6.0095,-0.527500033,-0.533749998,0.111250013,-0.859375,1.474609375,979.2285156,-0.014062027,-0.007347443,118.7558594,36.11111069
6.0656,0.097499967,1.466249943,-0.013749987,-1.34765625,0.986328125,979.2285156,0.174777582,0.308710039,118.4727325,36.11111069
6.1217,-0.277500033,-0.033749998,-0.138749987,-0.37109375,3.427734375,978.2519531,0.11792136,-0.185955018,118.9490509,36.11111069
6.1777,0.222499967,-1.158750057,-0.326249987,-1.8359375,1.474609375,983.1347656,0.205903903,0.192606613,118.6752701,36.11111069
6.2337,0.097499967,-0.033749998,-0.388749987,-2.32421875,0.986328125,980.6933594,0.132459089,0.15574199,119.1019592,36.11111069
6.2897,-0.902500033,-2.596250057,-0.388749987,-0.37109375,2.451171875,979.7167969,0.135692582,-0.22028926,119.5230026,36.11111069
6.3456,-0.215000033,-0.596249998,0.111250013,-0.37109375,3.916015625,982.1582031,0.110840589,-0.07602869,119.915863,36.11111069
6.4016,-0.152500033,-0.346249998,0.236250013,0.60546875,0.986328125,978.2519531,-0.114527054,-0.335873753,119.3007202,36.11111069
6.4576,0.034999967,-0.408749998,0.173750013,-0.859375,3.427734375,982.1582031,-0.084293194,-0.279830933,119.9428024,36.11111069
6.5137,-0.090000033,-0.971249998,-0.326249987,-0.37109375,0.986328125,982.6464844,0.045092832,-0.125666365,119.123558,36.11111069
6.5697,-0.340000033,-0.596249998,-0.263749987,-1.8359375,3.427734375,984.5996094,0.062642351,0.017504631,119.313858,36.11111069
6.6256,-0.027500033,-1.346250057,-0.263749987,-0.859375,2.451171875,986.0644531,-0.025042867,-0.210806221,119.0330124,36.11111069
6.6816,-0.215000033,-0.408749998,-0.451249987,-0.859375,2.939453125,980.6933594,0.053555138,-0.103610545,119.0666733,36.11111069
6.7376,-0.027500033,-0.283749998,-0.388749987,1.09375,3.916015625,980.6933594,0.072949447,-0.0901599,118.2939835,36.11111069
6.7936,0.409999967,-1.471250057,0.048750013,-0.37109375,2.939453125,983.1347656,0.228552744,0.157865644,118.7586365,36.11111069
6.8496,-0.152500033,-1.158750057,-0.138749987,1.58203125,1.962890625,978.7402344,0.072696961,0.040567879,118.7159576,36.11111069
6.9057,-0.215000033,-1.033750057,-0.138749987,1.09375,0.498046875,977.7636719,-0.134076819,-0.31790641,119.2576752,36.11111069
6.9616,0.347499967,-0.658749998,-0.263749987,-0.37109375,1.474609375,984.5996094,0.129657373,0.081472389,119.7873917,36.11111069
7.0176,-0.277500033,-0.096249998,-0.263749987,-2.32421875,1.474609375,978.7402344,-0.001552891,-0.014235115,119.5480957,36.11111069
7.0736,0.159999967,-0.033749998,-0.263749987,-0.37109375,0.986328125,977.2753906,-0.059450969,-0.192922249,119.9698563,36.11111069
7.1298,0.284999967,-0.471249998,-0.201249987,-1.8359375,3.427734375,981.6699219,-0.087207571,-0.298996717,120.2400513,36.11111069
7.1856,0.347499967,-0.658749998,-0.263749987,-0.859375,1.474609375,978.7402344,0.046794254,-0.129271612,120.3836594,36.11111069
7.2416,-0.340000033,-1.408750057,-0.451249987,-0.859375,0.986328125,978.7402344,-0.07894396,-0.296946764,119.682991,36.11111069
7.2976,0.222499967,0.341250002,-0.388749987,1.58203125,1.474609375,981.1816406,0.123658448,-0.120126992,119.8297958,36.11111069
7.3537,-0.277500033,-0.783749998,-0.138749987,0.1171875,2.451171875,979.7167969,0.007226844,-0.211541802,119.696846,36.11111069
7.4096,0.534999967,-0.158749998,0.048750013,0.1171875,0.498046875,982.1582031,0.034561574,-0.154360875,119.4519806,36.11111069
7.4656,0.409999967,-0.596249998,-0.076249987,0.60546875,3.427734375,980.6933594,-0.003602497,-0.173035473,119.3205566,36.11111069
7.5215,0.097499967,-3.408750057,-0.388749987,0.60546875,0.986328125,977.7636719,-0.030158797,-0.307361662,119.3141327,36.11111069
7.5777,-0.027500033,0.778750002,-0.513749957,-0.859375,3.427734375,978.7402344,-0.0224986,-0.047915261,119.4499435,36.11111069
7.6337,0.784999967,-0.533749998,-0.138749987,0.1171875,0.986328125,981.6699219,0.043402247,-0.039982304,119.3637085,36.11111069
7.6896,-0.027500033,-0.971249998,-0.138749987,0.1171875,2.451171875,980.2050781,-0.027242523,-0.150072649,119.2918091,36.11111069
7.7456,-0.652500033,-0.471249998,0.111250013,-0.859375,2.939453125,980.6933594,0.036138043,0.010099857,119.509407,36.11111069
7.8016,0.034999967,-0.783749998,-0.388749987,-2.32421875,0.986328125,978.7402344,-0.006547801,-0.137952045,119.2537613,36.11111069
7.8576,-0.340000033,-0.596249998,-0.076249987,2.55859375,-0.478515625,982.6464844,-0.006604198,-0.071548231,119.3156891,36.11111069
7.9136,-0.090000033,1.591249943,-0.451249987,-0.37109375,1.962890625,980.6933594,-0.007689692,-0.214820623,119.339325,36.11111069
7.9696,0.097499967,-1.471250057,-0.451249987,1.09375,-3.408203125,978.7402344,0.051054191,0.053056087,119.4151154,35.55555725
8.0256,0.347499967,-0.846249998,-0.076249987,-1.8359375,-0.478515625,981.6699219,0.045223311,-0.073260367,119.2348175,36.11111069
8.0816,-0.027500033,-1.283750057,-0.451249987,1.09375,3.916015625,982.1582031,-0.016128661,-0.221030429,119.1697617,36.11111069
8.1417,0.472499967,0.091250002,-0.763749957,-2.32421875,2.939453125,979.7167969,0.078769386,0.066456936,119.4025803,36.11111069
8.1976,-0.590000033,15.21625042,0.298750013,-1.8359375,3.427734375,979.7167969,0.07420373,0.898998201,119.5001984,36.11111069
8.2536,0.222499967,-0.908749998,-0.513749957,-0.37109375,4.404296875,977.7636719,0.006349782,0.081568718,119.4746857,36.11111069
8.3096,0.347499967,0.153750002,-0.388749987,-1.34765625,3.427734375,978.2519531,0.062702954,-0.521911323,119.3629303,36.11111069
8.3657,-0.215000033,-0.533749998,-0.076249987,1.09375,-0.966796875,981.6699219,0.033655606,-0.191368535,119.3869247,36.11111069
8.4216,-0.090000033,-0.783749998,-0.638749957,-2.8125,1.474609375,981.1816406,0.113517232,-0.069264628,119.417511,36.11111069
8.4776,-0.027500033,-0.096249998,-0.263749987,0.60546875,1.962890625,979.7167969,0.1196189,0.090906501,119.580719,36.11111069
8.5337,-0.027500033,-1.596250057,-0.263749987,0.1171875,1.474609375,979.7167969,0.139861196,0.063161492,119.6656723,36.11111069
8.5897,-0.027500033,-0.658749998,-0.388749987,0.1171875,0.986328125,977.7636719,0.067645192,-0.271481246,119.8531723,36.11111069
8.6456,0.284999967,-0.283749998,-0.076249987,-1.8359375,-0.478515625,978.2519531,-0.013199919,-0.093110226,119.6011887,36.11111069
8.7016,0.159999967,-0.408749998,-0.076249987,0.60546875,2.451171875,981.1816406,0.068525404,-0.302028328,119.7614059,36.11111069
8.7576,0.534999967,-0.158749998,-0.576249957,-1.8359375,0.498046875,979.2285156,-0.025428614,-0.242535144,119.4914856,36.11111069
8.8136,-0.090000033,-0.971249998,-0.013749987,-0.37109375,2.939453125,978.7402344,-0.026597885,-0.393937141,119.3679886,36.11111069
8.8696,-0.152500033,-1.283750057,-0.201249987,-2.32421875,0.986328125,977.7636719,0.013779707,-0.14389208,119.4436417,36.11111069
8.9256,0.284999967,-1.158750057,0.298750013,2.0703125,0.986328125,980.6933594,0.09236294,-0.079143815,119.6294098,36.11111069
8.9816,-0.340000033,-0.408749998,-0.201249987,-1.34765625,1.474609375,979.7167969,0.019467017,-0.012941827,119.6882095,36.11111069
9.0376,0.034999967,-0.846249998,-0.013749987,-0.37109375,0.986328125,978.7402344,0.005126751,-0.151933178,120.0288544,36.11111069
9.0937,0.597499967,-1.221250057,-0.076249987,-1.34765625,0.009765625,977.7636719,-0.08304397,-0.341012657,119.3539124,36.11111069
9.1497,-0.215000033,-0.596249998,-0.326249987,0.1171875,1.962890625,980.6933594,0.046536088,0.468914866,119.4931793,36.11111069
9.2057,0.659999967,-0.471249998,-0.388749987,-1.34765625,2.939453125,983.1347656,-0.042184796,-0.163065806,118.856781,36.11111069
9.2617,0.097499967,-0.721249998,-0.326249987,0.1171875,0.986328125,981.1816406,0.025807932,-0.033581503,119.200119,36.11111069
9.3178,-0.277500033,-0.971249998,-0.013749987,0.60546875,1.474609375,980.2050781,0.063933209,0.005156972,119.3760452,36.11111069
9.3736,-0.652500033,-0.908749998,-0.201249987,-0.859375,0.986328125,977.2753906,0.010807019,-0.285248607,119.3783417,36.11111069
9.4296,-0.402500033,-1.033750057,-0.013749987,-0.859375,3.916015625,979.7167969,0.040630598,0.11585661,119.3094788,36.11111069
9.4856,-0.402500033,-0.658749998,-0.326249987,0.60546875,0.986328125,976.7871094,-0.049162962,-0.029385956,119.0558243,36.11111069
9.5415,0.347499967,-0.596249998,-0.138749987,2.55859375,0.498046875,978.7402344,0.050430637,0.011736525,119.3883667,36.11111069
9.5977,-0.027500033,-0.471249998,-0.201249987,-0.859375,3.916015625,981.1816406,0.057128109,-0.655734062,119.2869186,36.11111069
9.6536,0.347499967,0.153750002,-0.388749987,1.09375,0.009765625,980.6933594,-0.056395944,-0.33755511,119.7022552,36.11111069
9.7096,0.597499967,-0.533749998,-0.451249987,2.55859375,2.939453125,977.7636719,0.015851142,-0.117211089,119.5396729,36.11111069
9.7656,0.097499967,-0.658749998,-0.701249957,0.1171875,3.916015625,981.6699219,0.019814407,-0.1153301,119.536293,36.11111069
9.8217,-0.590000033,-0.971249998,-0.701249957,0.60546875,0.986328125,980.6933594,0.080029458,0.071006134,119.8806992,36.11111069
9.8776,-0.215000033,-2.033750057,-0.201249987,-1.34765625,-0.966796875,979.2285156,-0.048646647,-0.217666179,120.2781067,36.11111069
9.9336,0.284999967,-0.846249998,-0.138749987,1.09375,-1.455078125,980.6933594,0.006885283,-0.394163877,120.2652969,36.11111069
9.9896,-0.215000033,-0.408749998,-0.701249957,-1.8359375,0.498046875,980.2050781,-0.013038502,-0.017440841,119.6931992,36.11111069
10.0456,0.409999967,0.091250002,-0.388749987,0.1171875,1.962890625,976.7871094,0.031566512,-0.040499389,119.7105331,36.11111069
