round,ok,latency_ms,L,R,r,p,y,temp,v
1,1,61.0,0,0,0.07788977,-0.023265334,120.0962448,34.44444275,11.26555061
2,1,55.5,0,0,0.031334292,-0.351487398,119.8869019,34.44444275,11.26555061
3,1,55.3,0,0,0.244667053,0.127845764,119.2507477,34.44444275,11.26555061
4,1,55.6,0,0,0.09012603,-0.106953524,119.4436722,35,11.26555061
5,1,55.7,0,0,0.004482687,-0.157008141,119.3146286,35,11.26555061
6,1,55.5,0,0,0.019295281,-0.131738544,119.2064133,35.55555725,11.26555061
7,1,55.4,0,0,0.051362175,-0.147443607,119.3392944,34.44444275,11.26555061
8,1,55.6,0,0,-0.025006853,-0.180040404,119.0126266,35,11.26555061
9,1,59.6,0,0,0.072654344,0.842258751,119.6594009,35,11.26555061
10,1,55.5,0,0,0.136097386,0.074765839,119.8556747,35,11.26555061
