speed,rep,direction,cmd_L,cmd_R,t_s,phase,L,R,gz,w_enc,w_gyr,slip,dt_1001_1002_ms
0.1,1,1,-0.1,0.1,0.022,ramp,0.0,0.0,-0.263749987,0.0,-0.0046,0.0046,19.105
0.1,1,1,-0.1,0.1,0.0572,ramp,0.0,0.0,-0.388749987,0.0,-0.00678,0.00678,17.818
0.1,1,1,-0.1,0.1,0.1038,ramp,0.015564573,0.0,-0.451249987,-0.11039,-0.00788,0.10251,17.618
0.1,1,1,-0.1,0.1,0.1383,ramp,0.0,0.0,0.361250013,0.0,0.00631,0.00631,17.896
0.1,1,1,-0.1,0.1,0.1713,ramp,0.0,0.0,-0.451249987,0.0,-0.00788,0.00788,18.065
0.1,1,1,-0.1,0.1,0.2043,ramp,0.0,0.0,-0.388749987,0.0,-0.00678,0.00678,17.825
0.1,1,1,-0.1,0.1,0.238,ramp,0.0,0.0,-0.763749957,0.0,-0.01333,0.01333,16.469
0.1,1,1,-0.1,0.1,0.2703,ramp,0.0,0.0,-0.513749957,0.0,-0.00897,0.00897,18.158
0.1,1,1,-0.1,0.1,0.3033,ramp,0.0,0.0,0.673750043,0.0,0.01176,0.01176,18.067
0.1,1,1,-0.1,0.1,0.339,ramp,-0.021497746,0.021568625,2.048749924,0.30544,0.03576,0.26968,17.017
0.1,1,1,-0.1,0.1,0.3707,ramp,-0.042995492,0.0,6.173749924,0.30493,0.10775,0.19718,17.544
0.1,1,1,-0.1,0.1,0.4051,ramp,-0.042995492,0.021565533,8.986249924,0.45788,0.15684,0.30104,17.037
0.1,1,1,-0.1,0.1,0.438,ramp,-0.042995492,0.02157481,14.48624992,0.45795,0.25283,0.20511,16.866
0.1,1,1,-0.1,0.1,0.4712,ramp,-0.042995492,0.021568625,19.61124992,0.4579,0.34228,0.11562,17.104
0.1,1,1,-0.1,0.1,0.5071,steady,-0.064493238,0.021577904,23.23624992,0.61043,0.40555,0.20488,16.934
0.1,1,1,-0.1,0.1,0.5388,steady,-0.064493238,0.021568625,24.61124992,0.61037,0.42955,0.18082,18.335
0.1,1,1,-0.1,0.1,0.5732,steady,-0.085990984,0.043137249,29.79874992,0.9158,0.52009,0.39572,17.296
0.1,1,1,-0.1,0.1,0.6092,steady,-0.085990984,0.043155808,37.04875183,0.91593,0.64662,0.26931,16.844
0.1,1,1,-0.1,0.1,0.6452,steady,-0.085990984,0.043180578,36.36125183,0.91611,0.63462,0.28149,17.122
0.1,1,1,-0.1,0.1,0.6799,steady,-0.085990984,0.043155808,43.36125183,0.91593,0.7568,0.15914,18.596
0.1,1,1,-0.1,0.1,0.714,steady,-0.085990984,0.08629924,48.61125183,1.22192,0.84843,0.37349,17.379
0.1,1,1,-0.1,0.1,0.7473,steady,-0.107488731,0.086311616,49.04875183,1.37447,0.85606,0.51841,17.105
0.1,1,1,-0.1,0.1,0.7833,steady,-0.085990984,0.086311616,47.23625183,1.222,0.82443,0.39758,17.124
0.1,1,1,-0.1,0.1,0.8272,steady,-0.09402745,0.093839794,53.61125183,1.33239,0.93569,0.3967,17.269
0.1,1,1,-0.1,0.1,0.8603,steady,-0.107488731,0.086385948,49.79875183,1.375,0.86915,0.50585,17.203
0.1,1,1,-0.1,0.1,0.8962,steady,-0.107488731,0.10788952,54.29875183,1.52751,0.94769,0.57981,17.024
0.1,1,1,-0.1,0.1,0.9292,steady,-0.085990984,0.10787405,55.73625183,1.37493,0.97278,0.40215,17.189
0.1,1,1,-0.1,0.1,0.9622,steady,-0.085990984,0.10788952,54.17375183,1.37504,0.94551,0.42953,17.177
0.1,1,1,-0.1,0.1,0.9939,steady,-0.085990984,0.08629924,55.48625183,1.22192,0.96842,0.2535,18.498
0.1,1,1,-0.1,0.1,1.0283,steady,-0.085990984,0.086274498,57.54875183,1.22174,1.00442,0.21733,17.2
0.1,1,1,-0.1,0.1,1.0643,steady,-0.107488731,0.107951446,57.04875183,1.52794,0.99569,0.53226,16.931
0.1,1,1,-0.1,0.1,1.0973,steady,-0.107488731,0.10787405,60.23625183,1.5274,1.05132,0.47607,17.038
0.1,1,1,-0.1,0.1,1.1304,steady,-0.107488731,0.107843123,59.48625183,1.52718,1.03823,0.48895,17.284
0.1,1,1,-0.1,0.1,1.1664,steady,-0.085990984,0.107951446,55.86125183,1.37548,0.97496,0.40052,17.192
0.1,1,1,-0.1,0.1,1.2024,steady,-0.085990984,0.086311616,59.98625183,1.222,1.04696,0.17505,17.2
0.1,1,1,-0.1,0.1,1.2383,steady,-0.085990984,0.086311616,56.54875183,1.222,0.98696,0.23504,17.021
0.1,1,1,-0.1,0.1,1.2714,steady,-0.107488731,0.086348766,58.48625183,1.37473,1.02078,0.35396,17.201
0.1,1,1,-0.1,0.1,1.3074,steady,-0.085990984,0.086311616,61.86125183,1.222,1.07968,0.14232,17.377
0.1,1,1,-0.1,0.1,1.3434,steady,-0.107488731,0.10788952,58.29875183,1.52751,1.01751,0.51,17.187
0.1,1,1,-0.1,0.1,1.3765,steady,-0.107488731,0.107904995,59.61125183,1.52762,1.04041,0.4872,17.107
0.1,1,1,-0.1,0.1,1.414,steady,-0.107488731,0.10788952,56.67375183,1.52751,0.98914,0.53836,15.666
0.1,1,1,-0.1,0.1,1.4459,steady,-0.085990984,0.10787405,59.04875183,1.37493,1.0306,0.34433,16.484
0.1,1,1,-0.1,0.1,1.4779,steady,-0.085990984,0.10788952,60.86125183,1.37504,1.06223,0.31281,17.235
0.1,1,1,-0.1,0.1,1.5114,steady,-0.107488731,0.10787405,54.11125183,1.5274,0.94442,0.58298,17.028
0.1,1,1,-0.1,0.1,1.5444,steady,-0.085990984,0.086274498,57.79875183,1.22174,1.00878,0.21296,16.74
0.1,1,1,-0.1,0.1,1.5775,steady,-0.085990984,0.107812213,57.67375183,1.37449,1.0066,0.36789,17.275
0.1,1,1,-0.1,0.1,1.6106,steady,-0.107488731,0.086274498,55.48625183,1.37421,0.96842,0.40579,16.419
0.1,1,1,-0.1,0.1,1.6452,steady,-0.107473375,0.10788952,60.23625183,1.5274,1.05132,0.47608,18.26
0.1,1,1,-0.1,0.1,1.6796,steady,-0.107488731,0.086151002,59.04875183,1.37333,1.0306,0.34274,17.202
0.1,1,1,-0.1,0.1,1.7156,steady,-0.107488731,0.107920474,58.29875183,1.52772,1.01751,0.51022,17.117
0.1,1,1,-0.1,0.1,1.7516,steady,-0.107488731,0.086336379,61.98625183,1.37465,1.08186,0.29278,17.115
0.1,1,1,-0.1,0.1,1.7876,steady,-0.107488731,0.107982435,60.11125183,1.52816,1.04914,0.47903,17.29
0.1,1,1,-0.1,0.1,1.8236,steady,-0.107488731,0.086311616,62.98625183,1.37447,1.09932,0.27515,16.517
0.1,1,1,-0.1,0.1,1.8583,steady,-0.107488731,0.10788952,57.98625183,1.52751,1.01205,0.51545,18.052
0.1,1,1,-0.1,0.1,1.8956,steady,-0.107488731,0.107951446,57.79875183,1.52794,1.00878,0.51917,16.562
0.1,1,1,-0.1,0.1,1.9316,steady,-0.107488731,0.10788952,60.79875183,1.52751,1.06114,0.46637,17.188
0.1,1,1,-0.1,0.1,1.9677,steady,-0.107488731,0.086311616,56.17375183,1.37447,0.98042,0.39405,17.289
0.1,2,-1,0.1,-0.1,0.023,ramp,0.0,0.0,0.986250043,0.0,0.01721,0.01721,17.823
0.1,2,-1,0.1,-0.1,0.0574,ramp,-0.021497746,0.0,3.673749924,0.15247,0.06412,0.08835,17.798
0.1,2,-1,0.1,-0.1,0.0904,ramp,-0.021497746,0.0,5.486249924,0.15247,0.09575,0.05671,17.375
0.1,2,-1,0.1,-0.1,0.1221,ramp,0.0,0.0,2.361249924,0.0,0.04121,0.04121,18.052
0.1,2,-1,0.1,-0.1,0.1564,ramp,0.0,0.0,0.173750013,0.0,0.00303,0.00303,16.792
0.1,2,-1,0.1,-0.1,0.1884,ramp,0.0,0.0,-0.201249987,0.0,-0.00351,0.00351,17.625
0.1,2,-1,0.1,-0.1,0.2211,ramp,0.0,0.0,-0.263749987,0.0,-0.0046,0.0046,17.681
0.1,2,-1,0.1,-0.1,0.2541,ramp,0.0,0.0,-0.138749987,0.0,-0.00242,0.00242,17.91
0.1,2,-1,0.1,-0.1,0.2884,ramp,0.0,0.0,-0.576249957,0.0,-0.01006,0.01006,16.668
0.1,2,-1,0.1,-0.1,0.3204,ramp,0.0,0.0,-0.451249987,0.0,-0.00788,0.00788,17.62
0.1,2,-1,0.1,-0.1,0.3564,ramp,0.021497746,0.0,-2.326250076,-0.15247,-0.0406,0.11187,15.546
0.1,2,-1,0.1,-0.1,0.3875,ramp,0.021497746,0.0,-1.201249957,-0.15247,-0.02097,0.1315,17.389
0.1,2,-1,0.1,-0.1,0.4205,ramp,0.042995492,0.0,-3.513750076,-0.30493,-0.06133,0.24361,17.316
0.1,2,-1,0.1,-0.1,0.4535,ramp,0.021497746,0.0,-14.20125008,-0.15247,-0.24786,0.09539,17.196
0.1,2,-1,0.1,-0.1,0.4866,ramp,0.042995492,-0.02157481,-18.76375008,-0.45795,-0.32749,0.13046,18.346
0.1,2,-1,0.1,-0.1,0.5204,steady,0.042995492,-0.021568625,-17.63875008,-0.4579,-0.30785,0.15005,17.31
0.1,2,-1,0.1,-0.1,0.5525,steady,0.064493238,-0.021562443,-23.32625008,-0.61032,-0.40712,0.2032,18.519
0.1,2,-1,0.1,-0.1,0.5856,steady,0.085990984,0.0,-24.57625008,-0.60987,-0.42894,0.18093,17.367
0.1,2,-1,0.1,-0.1,0.6186,steady,0.085990984,-0.02157481,-26.38875008,-0.76288,-0.46057,0.30231,17.465
0.1,2,-1,0.1,-0.1,0.6524,steady,0.085990984,-0.043137249,-28.20125008,-0.9158,-0.4922,0.4236,17.347
0.1,2,-1,0.1,-0.1,0.6884,steady,0.085990984,-0.04314962,-43.13874817,-0.91589,-0.75291,0.16298,14.53
0.1,2,-1,0.1,-0.1,0.7176,steady,0.085990984,-0.064705874,-45.70124817,-1.06877,-0.79764,0.27113,18.243
0.1,2,-1,0.1,-0.1,0.7506,steady,0.085990984,-0.08629924,-42.26374817,-1.22192,-0.73764,0.48427,18.262
0.1,2,-1,0.1,-0.1,0.7917,steady,0.09402745,-0.056121867,-49.07624817,-1.06489,-0.85654,0.20835,17.908
0.1,2,-1,0.1,-0.1,0.8247,steady,0.085990984,-0.064687328,-49.51374817,-1.06864,-0.86418,0.20446,18.335
0.1,2,-1,0.1,-0.1,0.8577,steady,0.107488731,-0.08629924,-51.51374817,-1.37438,-0.89908,0.4753,18.239
0.1,2,-1,0.1,-0.1,0.8907,steady,0.107488731,-0.086385948,-54.51374817,-1.375,-0.95144,0.42355,18.086
0.1,2,-1,0.1,-0.1,0.9244,steady,0.107488731,-0.08629924,-52.63874817,-1.37438,-0.91872,0.45566,17.52
0.1,2,-1,0.1,-0.1,0.9567,steady,0.107488731,-0.107843123,-56.57624817,-1.52718,-0.98744,0.53973,18.582
0.1,2,-1,0.1,-0.1,0.9897,steady,0.107488731,-0.086249771,-55.70124817,-1.37403,-0.97217,0.40186,18.064
0.1,2,-1,0.1,-0.1,1.0227,steady,0.085990984,-0.086274498,-54.20124817,-1.22174,-0.94599,0.27575,18.328
0.1,2,-1,0.1,-0.1,1.0564,steady,0.107488731,-0.10787405,-57.76374817,-1.5274,-1.00817,0.51923,17.514
0.1,2,-1,0.1,-0.1,1.0888,steady,0.107488731,-0.086274498,-56.01374817,-1.37421,-0.97762,0.39658,17.981
0.1,2,-1,0.1,-0.1,1.1218,steady,0.085990984,-0.10787405,-54.38874817,-1.37493,-0.94926,0.42567,18.246
0.1,2,-1,0.1,-0.1,1.1564,steady,0.107488731,-0.107843123,-59.38874817,-1.52718,-1.03653,0.49065,16.498
0.1,2,-1,0.1,-0.1,1.1884,steady,0.085990984,-0.08629924,-55.95124817,-1.22192,-0.97653,0.24538,17.497
0.1,2,-1,0.1,-0.1,1.2208,steady,0.107488731,-0.086311616,-53.32624817,-1.37447,-0.93072,0.44375,18.245
0.1,2,-1,0.1,-0.1,1.2538,steady,0.107488731,-0.10787405,-58.76374817,-1.5274,-1.02562,0.50177,18.154
0.1,2,-1,0.1,-0.1,1.2868,steady,0.085990984,-0.107843123,-54.88874817,-1.37471,-0.95799,0.41672,18.384
0.1,2,-1,0.1,-0.1,1.3204,steady,0.085990984,-0.086249771,-53.07624817,-1.22157,-0.92636,0.29521,17.342
0.1,2,-1,0.1,-0.1,1.3564,steady,0.085990984,-0.107843123,-60.07624817,-1.37471,-1.04853,0.32618,14.449
0.1,2,-1,0.1,-0.1,1.3858,steady,0.085990984,-0.08629924,-57.13874817,-1.22192,-0.99726,0.22466,18.055
0.1,2,-1,0.1,-0.1,1.4188,steady,0.107488731,-0.107843123,-57.13874817,-1.52718,-0.99726,0.52992,18.098
0.1,2,-1,0.1,-0.1,1.4524,steady,0.085990984,-0.10787405,-60.13874817,-1.37493,-1.04962,0.32531,17.567
0.1,2,-1,0.1,-0.1,1.4849,steady,0.085990984,-0.086262133,-58.07624817,-1.22165,-1.01362,0.20803,18.048
0.1,2,-1,0.1,-0.1,1.5179,steady,0.107488731,-0.10787405,-60.20124817,-1.5274,-1.05071,0.47669,18.061
0.1,2,-1,0.1,-0.1,1.5525,steady,0.107488731,-0.10788952,-58.88874817,-1.52751,-1.0278,0.4997,16.484
0.1,2,-1,0.1,-0.1,1.5924,steady,0.107488731,-0.08629924,-56.38874817,-1.37438,-0.98417,0.39021,14.509
0.1,2,-1,0.1,-0.1,1.6249,steady,0.107488731,-0.107904995,-62.70124817,-1.52762,-1.09434,0.43327,18.056
0.1,2,-1,0.1,-0.1,1.6609,steady,0.107488731,-0.10807551,-57.45124817,-1.52882,-1.00271,0.52611,18.156
0.1,2,-1,0.1,-0.1,1.6969,steady,0.107488731,-0.086311616,-56.07624817,-1.37447,-0.97872,0.39576,18.338
0.1,2,-1,0.1,-0.1,1.7329,steady,0.107488731,-0.086311616,-58.82624817,-1.37447,-1.02671,0.34776,18.066
0.1,2,-1,0.1,-0.1,1.769,steady,0.107488731,-0.086361157,-56.95124817,-1.37482,-0.99399,0.38084,18.354
0.1,2,-1,0.1,-0.1,1.805,steady,0.107488731,-0.10788952,-61.57624817,-1.52751,-1.07471,0.4528,17.979
0.1,2,-1,0.1,-0.1,1.841,steady,0.107488731,-0.086311616,-58.20124817,-1.37447,-1.0158,0.35867,18.128
0.1,2,-1,0.1,-0.1,1.877,steady,0.107488731,-0.086361157,-58.82624817,-1.37482,-1.02671,0.34811,18.044
0.1,2,-1,0.1,-0.1,1.913,steady,0.085990984,-0.086311616,-59.76374817,-1.222,-1.04307,0.17893,18.165
0.1,2,-1,0.1,-0.1,1.949,steady,0.107488731,-0.086311616,-52.82624817,-1.37447,-0.92199,0.45248,18.049
0.1,2,-1,0.1,-0.1,1.985,steady,0.085990984,-0.107951446,-59.20124817,-1.37548,-1.03326,0.34222,18.047
0.1,3,1,-0.1,0.1,0.0235,ramp,0.0,0.0,-0.451249987,0.0,-0.00788,0.00788,17.912
0.1,3,1,-0.1,0.1,0.0567,ramp,0.0,0.0,-1.701249957,0.0,-0.02969,0.02969,17.537
0.1,3,1,-0.1,0.1,0.0895,ramp,0.0,0.0,-0.763749957,0.0,-0.01333,0.01333,17.78
0.1,3,1,-0.1,0.1,0.1225,ramp,0.0,0.0,0.173750013,0.0,0.00303,0.00303,17.814
0.1,3,1,-0.1,0.1,0.1567,ramp,0.0,0.0,-0.013749987,0.0,-0.00024,0.00024,16.844
0.1,3,1,-0.1,0.1,0.1887,ramp,0.0,0.0,-0.013749987,0.0,-0.00024,0.00024,17.788
0.1,3,1,-0.1,0.1,0.2215,ramp,0.0,0.0,-0.263749987,0.0,-0.0046,0.0046,18.153
0.1,3,1,-0.1,0.1,0.2545,ramp,0.0,0.0,-0.201249987,0.0,-0.00351,0.00351,17.99
0.1,3,1,-0.1,0.1,0.2887,ramp,0.0,0.0,-0.513749957,0.0,-0.00897,0.00897,16.769
0.1,3,1,-0.1,0.1,0.3206,ramp,0.0,0.0,-0.263749987,0.0,-0.0046,0.0046,17.705
0.1,3,1,-0.1,0.1,0.3549,ramp,-0.021497746,0.0,1.298750043,0.15247,0.02267,0.1298,17.377
0.1,3,1,-0.1,0.1,0.3886,ramp,-0.042995492,0.0,0.611250043,0.30493,0.01067,0.29426,16.787
0.1,3,1,-0.1,0.1,0.421,ramp,-0.064493238,0.0,5.861249924,0.4574,0.1023,0.3551,17.634
0.1,3,1,-0.1,0.1,0.454,ramp,-0.04302623,0.0,13.48624992,0.30515,0.23538,0.06977,16.948
0.1,3,1,-0.1,0.1,0.4887,ramp,-0.064493238,0.02157481,21.92374992,0.61041,0.38264,0.22777,16.773
0.1,3,1,-0.1,0.1,0.5213,steady,-0.064493238,0.021565533,26.92374992,0.61035,0.46991,0.14044,16.733
0.1,3,1,-0.1,0.1,0.5544,steady,-0.064493238,0.043124885,26.61124992,0.76325,0.46445,0.2988,17.291
0.1,3,1,-0.1,0.1,0.5904,steady,-0.085990984,0.021584095,28.23624992,0.76294,0.49282,0.27013,17.291
0.1,3,1,-0.1,0.1,0.6264,steady,-0.085990984,0.021584095,32.79875183,0.76294,0.57245,0.1905,16.74
0.1,3,1,-0.1,0.1,0.6624,steady,-0.085990984,0.021596487,32.42375183,0.76303,0.5659,0.19713,16.934
0.1,3,1,-0.1,0.1,0.6984,steady,-0.107488731,0.043155808,34.86125183,1.0684,0.60844,0.45996,16.932
0.1,3,1,-0.1,0.1,0.7344,steady,-0.085990984,0.043155808,37.36125183,0.91593,0.65208,0.26386,16.754
0.1,3,1,-0.1,0.1,0.7715,steady,-0.094039203,0.056550761,44.11125183,1.06801,0.76989,0.29813,17.217
0.1,3,1,-0.1,0.1,0.8075,steady,-0.107488731,0.064761575,44.79875183,1.22163,0.78189,0.43975,17.386
0.1,3,1,-0.1,0.1,0.8435,steady,-0.085990984,0.086311616,53.92375183,1.222,0.94115,0.28086,17.142
0.1,3,1,-0.1,0.1,0.8795,steady,-0.107488731,0.086435574,49.17375183,1.37535,0.85824,0.51711,17.212
0.1,3,1,-0.1,0.1,0.9166,steady,-0.107488731,0.10788952,54.92375183,1.52751,0.9586,0.56891,16.109
0.1,3,1,-0.1,0.1,0.9486,steady,-0.107488731,0.10787405,52.17375183,1.5274,0.9106,0.61679,16.541
0.1,3,1,-0.1,0.1,0.9815,steady,-0.085990984,0.086311616,52.79875183,1.222,0.92151,0.30049,17.351
0.1,3,1,-0.1,0.1,1.0144,steady,-0.107488731,0.08629924,56.67375183,1.37438,0.98914,0.38524,17.357
0.1,3,1,-0.1,0.1,1.0475,steady,-0.085990984,0.107843123,57.86125183,1.37471,1.00987,0.36484,17.135
0.1,3,1,-0.1,0.1,1.0835,steady,-0.085990984,0.086361157,57.04875183,1.22236,0.99569,0.22667,17.286
0.1,3,1,-0.1,0.1,1.1167,steady,-0.107488731,0.10787405,59.92375183,1.5274,1.04587,0.48153,16.587
0.1,3,1,-0.1,0.1,1.1495,steady,-0.085990984,0.086274498,54.23625183,1.22174,0.9466,0.27514,16.844
0.1,3,1,-0.1,0.1,1.1825,steady,-0.107488731,0.086249771,56.79875183,1.37403,0.99133,0.38271,17.027
0.1,3,1,-0.1,0.1,1.2167,steady,-0.107488731,0.086274498,58.36125183,1.37421,1.0186,0.35561,16.059
0.1,3,1,-0.1,0.1,1.2488,steady,-0.085990984,0.10787405,54.48625183,1.37493,0.95096,0.42396,17.0
0.1,3,1,-0.1,0.1,1.2816,steady,-0.085990984,0.086274498,58.86125183,1.22174,1.02732,0.19442,17.197
0.1,3,1,-0.1,0.1,1.3176,steady,-0.085990984,0.086361157,60.17375183,1.22236,1.05023,0.17213,17.191
0.1,3,1,-0.1,0.1,1.3536,steady,-0.085990984,0.10788952,54.54875183,1.37504,0.95206,0.42298,17.176
0.1,3,1,-0.1,0.1,1.3866,steady,-0.107488731,0.086286867,59.17375183,1.3743,1.03278,0.34152,17.028
0.1,3,1,-0.1,0.1,1.4183,steady,-0.085990984,0.10788952,58.29875183,1.37504,1.01751,0.35753,18.355
0.1,3,1,-0.1,0.1,1.4527,steady,-0.107488731,0.08629924,55.54875183,1.37438,0.96951,0.40487,17.187
0.1,3,1,-0.1,0.1,1.4857,steady,-0.085990984,0.107843123,55.61125183,1.37471,0.9706,0.40411,17.267
0.1,3,1,-0.1,0.1,1.5216,steady,-0.107488731,0.086361157,55.36125183,1.37482,0.96624,0.40859,16.923
0.1,3,1,-0.1,0.1,1.5547,steady,-0.085990984,0.086286867,53.79875183,1.22183,0.93897,0.28286,17.2
0.1,3,1,-0.1,0.1,1.5907,steady,-0.107473375,0.086348766,57.67375183,1.37463,1.0066,0.36803,17.117
0.1,3,1,-0.1,0.1,1.6267,steady,-0.107488731,0.086485257,56.79875183,1.3757,0.99133,0.38438,16.958
0.1,3,1,-0.1,0.1,1.6628,steady,-0.107488731,0.086311616,57.42375183,1.37447,1.00223,0.37224,17.093
0.1,3,1,-0.1,0.1,1.6987,steady,-0.107488731,0.10788952,58.42375183,1.52751,1.01969,0.50782,16.934
0.1,3,1,-0.1,0.1,1.7347,steady,-0.107488731,0.086361157,56.79875183,1.37482,0.99133,0.3835,17.195
0.1,3,1,-0.1,0.1,1.7707,steady,-0.107488731,0.10788952,60.92375183,1.52751,1.06332,0.46419,17.359
0.1,3,1,-0.1,0.1,1.8054,steady,-0.085990984,0.10788952,57.23625183,1.37504,0.99896,0.37608,18.052
0.1,3,1,-0.1,0.1,1.8397,steady,-0.085990984,0.107935958,59.67375183,1.37537,1.0415,0.33386,17.194
0.1,3,1,-0.1,0.1,1.8727,steady,-0.107488731,0.10787405,59.36125183,1.5274,1.03605,0.49135,16.542
0.1,3,1,-0.1,0.1,1.9087,steady,-0.107488731,0.107843123,57.42375183,1.52718,1.00223,0.52494,17.752
0.1,3,1,-0.1,0.1,1.9458,steady,-0.107488731,0.086311616,58.04875183,1.37447,1.01314,0.36133,17.387
0.1,3,1,-0.1,0.1,1.9909,steady,-0.098575628,0.103674447,54.42375183,1.4344,0.94987,0.48452,17.204
0.1,4,-1,0.1,-0.1,0.0208,ramp,0.0,0.0,-0.388749987,0.0,-0.00678,0.00678,16.355
0.1,4,-1,0.1,-0.1,0.0532,ramp,0.0,0.021568625,3.111249924,0.15297,0.0543,0.09867,17.454
0.1,4,-1,0.1,-0.1,0.0889,ramp,0.0,0.021608893,-2.013750076,0.15325,-0.03515,0.1884,15.048
0.1,4,-1,0.1,-0.1,0.1178,ramp,0.0,0.0,-0.576249957,0.0,-0.01006,0.01006,17.952
0.1,4,-1,0.1,-0.1,0.1507,ramp,0.0,0.0,-0.263749987,0.0,-0.0046,0.0046,17.921
0.1,4,-1,0.1,-0.1,0.1848,ramp,0.0,0.0,-0.263749987,0.0,-0.0046,0.0046,16.978
0.1,4,-1,0.1,-0.1,0.2168,ramp,0.0,0.0,0.048750013,0.0,0.00085,0.00085,17.808
0.1,4,-1,0.1,-0.1,0.2498,ramp,0.0,0.0,-0.263749987,0.0,-0.0046,0.0046,18.069
0.1,4,-1,0.1,-0.1,0.2828,ramp,0.0,0.0,0.111250013,0.0,0.00194,0.00194,17.725
0.1,4,-1,0.1,-0.1,0.3172,ramp,0.021497746,0.0,-2.138750076,-0.15247,-0.03733,0.11514,17.278
0.1,4,-1,0.1,-0.1,0.3502,ramp,0.042995492,0.0,-1.076249957,-0.30493,-0.01878,0.28615,17.374
0.1,4,-1,0.1,-0.1,0.3832,ramp,0.042995492,0.0,-7.138750076,-0.30493,-0.12459,0.18034,17.647
0.1,4,-1,0.1,-0.1,0.4168,ramp,0.042995492,0.0,-15.95125008,-0.30493,-0.2784,0.02653,16.831
0.1,4,-1,0.1,-0.1,0.4492,ramp,0.064493238,-0.02157481,-21.82625008,-0.61041,-0.38094,0.22947,18.238
0.1,4,-1,0.1,-0.1,0.4837,ramp,0.064493238,-0.021568625,-22.13875008,-0.61037,-0.38639,0.22397,17.476
0.1,4,-1,0.1,-0.1,0.5182,steady,0.064493238,-0.021590289,-30.07625008,-0.61052,-0.52493,0.08559,18.156
0.1,4,-1,0.1,-0.1,0.5528,steady,0.064493238,-0.04314962,-31.88875008,-0.76342,-0.55656,0.20686,16.814
0.1,4,-1,0.1,-0.1,0.5856,steady,0.085990984,-0.043137249,-34.38874817,-0.9158,-0.6002,0.31561,17.172
0.1,4,-1,0.1,-0.1,0.6173,steady,0.085990984,-0.043124885,-37.45124817,-0.91572,-0.65365,0.26207,18.338
0.1,4,-1,0.1,-0.1,0.6503,steady,0.085990984,-0.043137249,-37.57624817,-0.9158,-0.65583,0.25997,18.064
0.1,4,-1,0.1,-0.1,0.6848,steady,0.085990984,-0.04314962,-35.76374817,-0.91589,-0.6242,0.2917,16.667
0.1,4,-1,0.1,-0.1,0.7209,steady,0.085990984,-0.043137249,-39.45124817,-0.9158,-0.68855,0.22725,13.556
0.1,4,-1,0.1,-0.1,0.7503,steady,0.0859787,-0.064761575,-45.01374817,-1.06908,-0.78564,0.28344,18.073
0.1,4,-1,0.1,-0.1,0.7848,steady,0.085990984,-0.086274498,-46.51374817,-1.22174,-0.81182,0.40992,16.709
0.1,4,-1,0.1,-0.1,0.8168,steady,0.107488731,-0.08629924,-51.13874817,-1.37438,-0.89254,0.48184,17.604
0.1,4,-1,0.1,-0.1,0.8493,steady,0.085990984,-0.08629924,-53.45124817,-1.22192,-0.9329,0.28902,18.049
0.1,4,-1,0.1,-0.1,0.8823,steady,0.107488731,-0.086274498,-52.45124817,-1.37421,-0.91545,0.45876,18.249
0.1,4,-1,0.1,-0.1,0.9168,steady,0.085990984,-0.08629924,-56.26374817,-1.22192,-0.98199,0.23993,16.615
0.1,4,-1,0.1,-0.1,0.9488,steady,0.107488731,-0.086311616,-55.26374817,-1.37447,-0.96453,0.40994,17.564
0.1,4,-1,0.1,-0.1,0.9813,steady,0.107488731,-0.10787405,-54.51374817,-1.5274,-0.95144,0.57595,18.497
0.1,4,-1,0.1,-0.1,1.0168,steady,0.107488731,-0.086274498,-60.26374817,-1.37421,-1.0518,0.32241,15.665
0.1,4,-1,0.1,-0.1,1.0488,steady,0.107488731,-0.107812213,-57.32624817,-1.52696,-1.00053,0.52643,16.677
0.1,4,-1,0.1,-0.1,1.0808,steady,0.107488731,-0.107843123,-55.57624817,-1.52718,-0.96999,0.55719,17.981
0.1,4,-1,0.1,-0.1,1.1134,steady,0.085990984,-0.08629924,-58.32624817,-1.22192,-1.01799,0.20393,17.981
0.1,4,-1,0.1,-0.1,1.1464,steady,0.085990984,-0.086262133,-55.13874817,-1.22165,-0.96235,0.2593,18.351
0.1,4,-1,0.1,-0.1,1.1808,steady,0.107488731,-0.10787405,-56.38874817,-1.5274,-0.98417,0.54323,16.688
0.1,4,-1,0.1,-0.1,1.2208,steady,0.085990984,-0.086274498,-55.13874817,-1.22174,-0.96235,0.25939,13.777
0.1,4,-1,0.1,-0.1,1.2524,steady,0.107488731,-0.107843123,-52.76374817,-1.52718,-0.9209,0.60628,18.343
0.1,4,-1,0.1,-0.1,1.2855,steady,0.107488731,-0.086286867,-59.70124817,-1.3743,-1.04198,0.33231,18.153
0.1,4,-1,0.1,-0.1,1.3184,steady,0.107488731,-0.086274498,-58.51374817,-1.37421,-1.02126,0.35295,18.278
0.1,4,-1,0.1,-0.1,1.3528,steady,0.085990984,-0.10787405,-55.51374817,-1.37493,-0.9689,0.40603,16.768
0.1,4,-1,0.1,-0.1,1.3848,steady,0.107488731,-0.10788952,-60.07624817,-1.52751,-1.04853,0.47898,18.01
0.1,4,-1,0.1,-0.1,1.4175,steady,0.107488731,-0.08629924,-57.57624817,-1.37438,-1.0049,0.36949,18.046
0.1,4,-1,0.1,-0.1,1.4505,steady,0.107488731,-0.107843123,-57.82624817,-1.52718,-1.00926,0.51792,18.056
0.1,4,-1,0.1,-0.1,1.4848,steady,0.107488731,-0.107812213,-60.26374817,-1.52696,-1.0518,0.47516,16.795
0.1,4,-1,0.1,-0.1,1.5168,steady,0.107488731,-0.086262133,-57.82624817,-1.37412,-1.00926,0.36486,18.246
0.1,4,-1,0.1,-0.1,1.5528,steady,0.107488731,-0.08629924,-60.13874817,-1.37438,-1.04962,0.32476,15.662
0.1,4,-1,0.1,-0.1,1.5856,steady,0.096726038,-0.102070543,-56.63874817,-1.4099,-0.98853,0.42137,18.067
0.1,4,-1,0.1,-0.1,1.6185,steady,0.085990984,-0.086286867,-53.63874817,-1.22183,-0.93617,0.28566,18.533
0.1,4,-1,0.1,-0.1,1.6528,steady,0.085990984,-0.08629924,-59.51374817,-1.22192,-1.03871,0.18321,16.79
0.1,4,-1,0.1,-0.1,1.6848,steady,0.085990984,-0.107843123,-56.51374817,-1.37471,-0.98635,0.38836,17.924
0.1,4,-1,0.1,-0.1,1.7208,steady,0.107488731,-0.08629924,-55.13874817,-1.37438,-0.96235,0.41203,14.838
0.1,4,-1,0.1,-0.1,1.7505,steady,0.107488731,-0.086274498,-59.76374817,-1.37421,-1.04307,0.33113,18.056
0.1,4,-1,0.1,-0.1,1.7848,steady,0.085990984,-0.10787405,-57.01374817,-1.37493,-0.99508,0.37985,16.705
0.1,4,-1,0.1,-0.1,1.8168,steady,0.107488731,-0.10788952,-57.32624817,-1.52751,-1.00053,0.52697,17.872
0.1,4,-1,0.1,-0.1,1.8496,steady,0.107488731,-0.10787405,-58.76374817,-1.5274,-1.02562,0.50177,18.238
0.1,4,-1,0.1,-0.1,1.8826,steady,0.107488731,-0.107843123,-54.70124817,-1.52718,-0.95472,0.57246,18.261
0.1,4,-1,0.1,-0.1,1.9168,steady,0.107488731,-0.086249771,-56.63874817,-1.37403,-0.98853,0.3855,17.143
0.1,4,-1,0.1,-0.1,1.9488,steady,0.107488731,-0.086274498,-55.95124817,-1.37421,-0.97653,0.39767,17.997
0.1,4,-1,0.1,-0.1,1.9848,steady,0.107488731,-0.10787405,-54.38874817,-1.5274,-0.94926,0.57813,15.0
0.1,5,1,-0.1,0.1,0.0209,ramp,0.0,0.0,-1.201249957,0.0,-0.02097,0.02097,18.649
0.1,5,1,-0.1,0.1,0.0572,ramp,0.0,-0.021596487,-6.201250076,-0.15317,-0.10823,0.04493,17.537
0.1,5,1,-0.1,0.1,0.0918,ramp,0.0,0.0,-1.013749957,0.0,-0.01769,0.01769,17.911
0.1,5,1,-0.1,0.1,0.1278,ramp,0.0,0.0,0.173750013,0.0,0.00303,0.00303,17.741
0.1,5,1,-0.1,0.1,0.1638,ramp,0.0,0.0,0.236250013,0.0,0.00412,0.00412,17.737
0.1,5,1,-0.1,0.1,0.1998,ramp,0.0,0.0,-0.263749987,0.0,-0.0046,0.0046,17.739
0.1,5,1,-0.1,0.1,0.2359,ramp,0.0,0.0,-0.576249957,0.0,-0.01006,0.01006,18.083
0.1,5,1,-0.1,0.1,0.2733,ramp,-0.021497746,0.0,0.048750013,0.15247,0.00085,0.15162,17.453
0.1,5,1,-0.1,0.1,0.3093,ramp,-0.042995492,0.0,1.173750043,0.30493,0.02049,0.28445,17.076
0.1,5,1,-0.1,0.1,0.3453,ramp,-0.064493238,0.0,0.298750013,0.4574,0.00521,0.45218,17.602
0.1,5,1,-0.1,0.1,0.3813,ramp,-0.042995492,0.0,12.61124992,0.30493,0.22011,0.08482,17.279
0.1,5,1,-0.1,0.1,0.4186,ramp,-0.042995492,0.043155808,13.29874992,0.611,0.23211,0.3789,16.931
0.1,5,1,-0.1,0.1,0.4546,ramp,-0.064493238,0.021577904,20.79874992,0.61043,0.36301,0.24743,16.933
0.1,5,1,-0.1,0.1,0.4907,ramp,-0.064493238,0.021590289,25.36124992,0.61052,0.44264,0.16788,17.113
0.1,5,1,-0.1,0.1,0.5253,steady,-0.085990984,0.043155808,31.11124992,0.91593,0.54299,0.37294,18.337
0.1,5,1,-0.1,0.1,0.5596,steady,-0.085990984,0.02157481,32.48625183,0.76288,0.56699,0.19589,17.194
0.1,5,1,-0.1,0.1,0.5929,steady,-0.085990984,0.043155808,37.42375183,0.91593,0.65317,0.26277,16.764
0.1,5,1,-0.1,0.1,0.6256,steady,-0.085990984,0.04314962,42.54875183,0.91589,0.74262,0.17327,16.734
0.1,5,1,-0.1,0.1,0.6587,steady,-0.085990984,0.064705874,41.36125183,1.06877,0.72189,0.34688,17.202
0.1,5,1,-0.1,0.1,0.6948,steady,-0.085990984,0.043180578,41.73625183,0.91611,0.72844,0.18768,17.382
0.1,5,1,-0.1,0.1,0.7308,steady,-0.107473375,0.064733712,51.04875183,1.22133,0.89097,0.33036,17.028
0.1,5,1,-0.1,0.1,0.7668,steady,-0.107488731,0.064761575,48.42375183,1.22163,0.84515,0.37648,17.376
0.1,5,1,-0.1,0.1,0.8027,steady,-0.107488731,0.06482668,49.04875183,1.2221,0.85606,0.36603,16.746
0.1,5,1,-0.1,0.1,0.8388,steady,-0.107488731,0.086311616,48.48625183,1.37447,0.84624,0.52823,17.202
0.1,5,1,-0.1,0.1,0.8747,steady,-0.107488731,0.064733712,49.04875183,1.22144,0.85606,0.36537,17.014
0.1,5,1,-0.1,0.1,0.9108,steady,-0.107488731,0.086361157,54.29875183,1.37482,0.94769,0.42713,16.909
0.1,5,1,-0.1,0.1,0.9467,steady,-0.085990984,0.10788952,52.11125183,1.37504,0.90951,0.46553,17.275
0.1,5,1,-0.1,0.1,0.9828,steady,-0.107488731,0.10788952,54.29875183,1.52751,0.94769,0.57981,17.032
0.1,5,1,-0.1,0.1,1.0188,steady,-0.107488731,0.107951446,55.11125183,1.52794,0.96187,0.56607,16.953
0.1,5,1,-0.1,0.1,1.0548,steady,-0.107488731,0.10788952,53.11125183,1.52751,0.92697,0.60054,17.186
0.1,5,1,-0.1,0.1,1.0908,steady,-0.085990984,0.10788952,55.67375183,1.37504,0.97169,0.40335,17.45
0.1,5,1,-0.1,0.1,1.1268,steady,-0.085990984,0.107951446,57.67375183,1.37548,1.0066,0.36888,17.203
0.1,5,1,-0.1,0.1,1.1628,steady,-0.085990984,0.10788952,57.11125183,1.37504,0.99678,0.37826,17.36
0.1,5,1,-0.1,0.1,1.1958,steady,-0.107488731,0.10787405,61.54875183,1.5274,1.07423,0.45317,17.037
0.1,5,1,-0.1,0.1,1.2288,steady,-0.107488731,0.086311616,56.29875183,1.37447,0.9826,0.39187,17.294
0.1,5,1,-0.1,0.1,1.2618,steady,-0.085990984,0.10787405,56.61125183,1.37493,0.98805,0.38688,17.022
0.1,5,1,-0.1,0.1,1.2948,steady,-0.107488731,0.086262133,59.36125183,1.37412,1.03605,0.33807,16.842
0.1,5,1,-0.1,0.1,1.3279,steady,-0.107488731,0.086237412,57.23625183,1.37394,0.99896,0.37498,17.381
0.1,5,1,-0.1,0.1,1.3639,steady,-0.107488731,0.107920474,59.23625183,1.52772,1.03387,0.49386,17.292
0.1,5,1,-0.1,0.1,1.3999,steady,-0.107488731,0.086336379,60.36125183,1.37465,1.0535,0.32114,16.963
0.1,5,1,-0.1,0.1,1.4358,steady,-0.107488731,0.107982435,58.04875183,1.52816,1.01314,0.51502,17.039
0.1,5,1,-0.1,0.1,1.4688,steady,-0.107488731,0.10787405,62.36125183,1.5274,1.08841,0.43899,17.177
0.1,5,1,-0.1,0.1,1.5019,steady,-0.085990984,0.107843123,57.61125183,1.37471,1.00551,0.3692,17.195
0.1,5,1,-0.1,0.1,1.5358,steady,-0.107473375,0.107997936,56.11125183,1.52817,0.97933,0.54884,17.036
0.1,5,1,-0.1,0.1,1.5689,steady,-0.107488731,0.08629924,58.11125183,1.37438,1.01423,0.36015,16.932
0.1,5,1,-0.1,0.1,1.602,steady,-0.107488731,0.086274498,56.17375183,1.37421,0.98042,0.39379,17.362
0.1,5,1,-0.1,0.1,1.638,steady,-0.107488731,0.086435574,58.11125183,1.37535,1.01423,0.36112,17.277
0.1,5,1,-0.1,0.1,1.6728,steady,-0.107488731,0.10788952,56.29875183,1.52751,0.9826,0.54491,17.901
0.1,5,1,-0.1,0.1,1.7056,steady,-0.085990984,0.10787405,57.79875183,1.37493,1.00878,0.36615,18.491
0.1,5,1,-0.1,0.1,1.7399,steady,-0.107488731,0.086311616,62.11125183,1.37447,1.08405,0.29042,17.037
0.1,5,1,-0.1,0.1,1.7728,steady,-0.107488731,0.08629924,55.61125183,1.37438,0.9706,0.40378,17.17
0.1,5,1,-0.1,0.1,1.806,steady,-0.107488731,0.107843123,57.79875183,1.52718,1.00878,0.5184,17.286
0.1,5,1,-0.1,0.1,1.842,steady,-0.107488731,0.107951446,60.73625183,1.52794,1.06005,0.4679,17.193
0.1,5,1,-0.1,0.1,1.8766,steady,-0.107488731,0.10788952,56.36125183,1.52751,0.98369,0.54382,18.503
0.1,5,1,-0.1,0.1,1.911,steady,-0.107488731,0.107858584,57.61125183,1.52729,1.00551,0.52178,17.374
0.1,5,1,-0.1,0.1,1.947,steady,-0.085990984,0.107982435,56.73625183,1.3757,0.99023,0.38546,16.955
0.1,5,1,-0.1,0.1,1.9817,steady,-0.107488731,0.10788952,56.79875183,1.52751,0.99133,0.53618,18.333
0.2,1,1,-0.2,0.2,0.0223,ramp,0.0,0.0,0.173750013,0.0,0.00303,0.00303,17.792
0.2,1,1,-0.2,0.2,0.0553,ramp,0.0,0.0,0.173750013,0.0,0.00303,0.00303,17.852
0.2,1,1,-0.2,0.2,0.0896,ramp,0.0,0.021615102,11.11124992,0.1533,0.19393,0.04063,17.378
0.2,1,1,-0.2,0.2,0.1226,ramp,-0.064493238,0.04314962,31.23624992,0.76342,0.54518,0.21825,18.053
0.2,1,1,-0.2,0.2,0.157,ramp,-0.085990984,0.064715151,41.17375183,1.06884,0.71862,0.35022,17.217
0.2,1,1,-0.2,0.2,0.1902,ramp,-0.085990984,0.086262133,47.48625183,1.22165,0.82879,0.39286,16.779
0.2,1,1,-0.2,0.2,0.2247,ramp,-0.128986477,0.107951446,69.48625183,1.68041,1.21276,0.46765,18.168
0.2,1,1,-0.2,0.2,0.2591,ramp,-0.128986477,0.129430301,72.04875183,1.83274,1.25749,0.57526,17.273
0.2,1,1,-0.2,0.2,0.2951,ramp,-0.150484223,0.129374656,80.17375183,1.98481,1.3993,0.58552,17.189
0.2,1,1,-0.2,0.2,0.3311,ramp,-0.150484223,0.172722313,86.17375183,2.29224,1.50402,0.78823,16.657
0.2,1,1,-0.2,0.2,0.367,ramp,-0.171981969,0.172697532,94.11125183,2.44454,1.64255,0.80198,16.837
0.2,1,1,-0.2,0.2,0.4001,ramp,-0.171981969,0.172400716,96.54875183,2.44243,1.68509,0.75734,17.46
0.2,1,1,-0.2,0.2,0.4361,ramp,-0.171981969,0.172722313,99.04875183,2.44471,1.72873,0.71598,17.29
0.2,1,1,-0.2,0.2,0.4721,ramp,-0.193479715,0.194284724,104.9237518,2.7501,1.83126,0.91884,17.391
0.2,1,1,-0.2,0.2,0.5081,steady,-0.193479715,0.172796698,107.5487518,2.59771,1.87708,0.72063,17.452
0.2,1,1,-0.2,0.2,0.5441,steady,-0.193479715,0.194228991,109.6737518,2.74971,1.91417,0.83554,17.112
0.2,1,1,-0.2,0.2,0.5788,steady,-0.193479715,0.194228991,109.6112518,2.74971,1.91308,0.83663,18.155
0.2,1,1,-0.2,0.2,0.6162,steady,-0.193479715,0.194340489,113.7987518,2.7505,1.98616,0.76433,17.112
0.2,1,1,-0.2,0.2,0.6508,steady,-0.193479715,0.21580999,113.3612518,2.90276,1.97853,0.92424,18.627
0.2,1,1,-0.2,0.2,0.6902,steady,-0.188078406,0.207197043,113.7362518,2.80337,1.98507,0.8183,16.157
0.2,1,1,-0.2,0.2,0.7251,steady,-0.193479715,0.216182076,113.8612518,2.9054,1.98725,0.91815,17.301
0.2,1,1,-0.2,0.2,0.7584,steady,-0.193479715,0.194201137,118.2987518,2.74951,2.0647,0.68481,16.94
0.2,1,1,-0.2,0.2,0.7942,steady,-0.193479715,0.194312602,114.4862518,2.7503,1.99816,0.75214,17.083
0.2,1,1,-0.2,0.2,0.8303,steady,-0.193479715,0.216026885,113.9237518,2.9043,1.98834,0.91596,17.181
0.2,1,1,-0.2,0.2,0.8662,steady,-0.193479715,0.194228991,112.9862518,2.74971,1.97198,0.77773,17.089
0.2,1,1,-0.2,0.2,0.9022,steady,-0.193479715,0.194228991,113.3612518,2.74971,1.97853,0.77118,17.159
0.2,1,1,-0.2,0.2,0.9352,steady,-0.193479715,0.215902891,116.7362518,2.90342,2.03743,0.86599,16.92
0.2,1,1,-0.2,0.2,0.9683,steady,-0.193479715,0.194201137,114.2362518,2.74951,1.9938,0.75571,17.459
0.2,1,1,-0.2,0.2,1.0043,steady,-0.193479715,0.194312602,115.2362518,2.7503,2.01125,0.73905,17.505
0.2,1,1,-0.2,0.2,1.0402,steady,-0.193479715,0.194424196,116.2987518,2.75109,2.0298,0.7213,17.023
0.2,1,1,-0.2,0.2,1.0733,steady,-0.193479715,0.215779041,121.0487518,2.90254,2.1127,0.78985,17.472
0.2,1,1,-0.2,0.2,1.1093,steady,-0.193479715,0.194312602,117.4862518,2.7503,2.05052,0.69978,17.385
0.2,1,1,-0.2,0.2,1.1452,steady,-0.193479715,0.215995873,117.0487518,2.90408,2.04289,0.8612,17.458
0.2,1,1,-0.2,0.2,1.1783,steady,-0.193479715,0.215779041,115.2987518,2.90254,2.01234,0.8902,17.216
0.2,1,1,-0.2,0.2,1.2112,steady,-0.193479715,0.194145452,116.5487518,2.74911,2.03416,0.71496,17.023
0.2,1,1,-0.2,0.2,1.2443,steady,-0.193479715,0.215655332,117.4237518,2.90167,2.04943,0.85224,17.374
0.2,1,1,-0.2,0.2,1.2803,steady,-0.193479715,0.194312602,115.0487518,2.7503,2.00798,0.74232,17.285
0.2,1,1,-0.2,0.2,1.3162,steady,-0.214977461,0.194284724,112.7362518,2.90257,1.96762,0.93495,17.03
0.2,1,1,-0.2,0.2,1.3523,steady,-0.214977461,0.194396286,116.1112518,2.90336,2.02652,0.87684,17.287
0.2,1,1,-0.2,0.2,1.3883,steady,-0.214977461,0.194228991,115.5487518,2.90217,2.01671,0.88547,17.463
0.2,1,1,-0.2,0.2,1.4243,steady,-0.193479715,0.194228991,114.1112518,2.74971,1.99162,0.75809,17.361
0.2,1,1,-0.2,0.2,1.4604,steady,-0.214977461,0.194340489,112.6737518,2.90296,1.96653,0.93644,17.112
0.2,1,1,-0.2,0.2,1.4973,steady,-0.188078406,0.188360948,114.2987518,2.66978,1.99489,0.67489,17.285
0.2,1,1,-0.2,0.2,1.5303,steady,-0.193479715,0.194201137,115.0487518,2.74951,2.00798,0.74153,17.203
0.2,1,1,-0.2,0.2,1.5634,steady,-0.214977461,0.194396286,114.9862518,2.90336,2.00689,0.89647,17.278
0.2,1,1,-0.2,0.2,1.5994,steady,-0.193479715,0.194228991,114.9237518,2.74971,2.0058,0.74391,17.279
0.2,1,1,-0.2,0.2,1.634,steady,-0.193479715,0.194228991,116.1737518,2.74971,2.02761,0.72209,18.319
0.2,1,1,-0.2,0.2,1.667,steady,-0.193479715,0.194284724,115.7362518,2.7501,2.01998,0.73012,18.334
0.2,1,1,-0.2,0.2,1.7013,steady,-0.193479715,0.194201137,117.4237518,2.74951,2.04943,0.70008,17.199
0.2,1,1,-0.2,0.2,1.7343,steady,-0.214977461,0.194145452,115.9862518,2.90158,2.02434,0.87724,16.856
0.2,1,1,-0.2,0.2,1.7673,steady,-0.214977461,0.194089799,114.2987518,2.90119,1.99489,0.9063,16.729
0.2,1,1,-0.2,0.2,1.799,steady,-0.193479715,0.215717169,117.4862518,2.90211,2.05052,0.85158,18.333
0.2,1,1,-0.2,0.2,1.8321,steady,-0.193479715,0.194201137,116.0487518,2.74951,2.02543,0.72408,18.154
0.2,1,1,-0.2,0.2,1.8662,steady,-0.193479715,0.215717169,115.2362518,2.90211,2.01125,0.89085,16.888
0.2,1,1,-0.2,0.2,1.8982,steady,-0.193479715,0.215779041,114.0487518,2.90254,1.99053,0.91202,17.989
0.2,1,1,-0.2,0.2,1.9311,steady,-0.193479715,0.215717169,117.2987518,2.90211,2.04725,0.85486,18.05
0.2,1,1,-0.2,0.2,1.9641,steady,-0.193479715,0.194201137,114.6112518,2.74951,2.00034,0.74917,18.055
0.2,1,1,-0.2,0.2,1.9982,steady,-0.193479715,0.194228991,111.8612518,2.74971,1.95235,0.79736,17.019
0.2,2,-1,0.2,-0.2,0.0208,ramp,0.0,0.0,-0.638749957,0.0,-0.01115,0.01115,14.495
0.2,2,-1,0.2,-0.2,0.0507,ramp,0.0,0.0,2.798749924,0.0,0.04885,0.04885,18.03
0.2,2,-1,0.2,-0.2,0.0847,ramp,0.0,0.0,0.923750043,0.0,0.01612,0.01612,17.194
0.2,2,-1,0.2,-0.2,0.1167,ramp,0.0,0.0,1.736250043,0.0,0.0303,0.0303,18.109
0.2,2,-1,0.2,-0.2,0.151,ramp,0.0,-0.02157481,0.048750013,-0.15301,0.00085,0.15386,17.263
0.2,2,-1,0.2,-0.2,0.1887,ramp,0.0,0.0,-0.326249987,0.0,-0.00569,0.00569,17.528
0.2,2,-1,0.2,-0.2,0.2226,ramp,0.0,0.0,-0.763749957,0.0,-0.01333,0.01333,17.551
0.2,2,-1,0.2,-0.2,0.2584,ramp,0.042995492,-0.021568625,-9.326250076,-0.4579,-0.16277,0.29513,17.026
0.2,2,-1,0.2,-0.2,0.2944,ramp,0.064493238,-0.043161998,-19.07625008,-0.76351,-0.33294,0.43057,17.456
0.2,2,-1,0.2,-0.2,0.3291,ramp,0.064493238,-0.043124885,-24.57625008,-0.76325,-0.42894,0.33431,18.15
0.2,2,-1,0.2,-0.2,0.3651,ramp,0.107488731,-0.043180578,-32.57624817,-1.06858,-0.56856,0.50001,18.049
0.2,2,-1,0.2,-0.2,0.4011,ramp,0.128986477,-0.064770867,-47.20124817,-1.37417,-0.82382,0.55035,18.332
0.2,2,-1,0.2,-0.2,0.4371,ramp,0.128986477,-0.064798762,-58.63874817,-1.37436,-1.02344,0.35092,18.333
0.2,2,-1,0.2,-0.2,0.4731,ramp,0.150484223,-0.107904995,-69.01374817,-1.83255,-1.20452,0.62803,18.241
0.2,2,-1,0.2,-0.2,0.5091,steady,0.171981969,-0.129504569,-79.07624817,-2.1382,-1.38014,0.75806,18.15
0.2,2,-1,0.2,-0.2,0.5434,steady,0.171981969,-0.151132024,-89.82624817,-2.29159,-1.56776,0.72382,17.222
0.2,2,-1,0.2,-0.2,0.5767,steady,0.171981969,-0.151045328,-91.38874817,-2.29097,-1.59503,0.69594,16.928
0.2,2,-1,0.2,-0.2,0.6094,steady,0.171981969,-0.172573735,-100.5762482,-2.44366,-1.75539,0.68827,17.181
0.2,2,-1,0.2,-0.2,0.6447,steady,0.193479715,-0.150958732,-101.0762482,-2.44283,-1.76411,0.67871,19.016
0.2,2,-1,0.2,-0.2,0.6812,steady,0.193479715,-0.172524266,-101.2637482,-2.59577,-1.76739,0.82839,18.026
0.2,2,-1,0.2,-0.2,0.7172,steady,0.193479715,-0.194312602,-105.0762482,-2.7503,-1.83393,0.91637,18.334
0.2,2,-1,0.2,-0.2,0.7532,steady,0.193479715,-0.194563869,-107.4512482,-2.75208,-1.87538,0.8767,18.238
0.2,2,-1,0.2,-0.2,0.7892,steady,0.193479715,-0.194228991,-108.7637482,-2.74971,-1.89829,0.85142,18.493
0.2,2,-1,0.2,-0.2,0.8252,steady,0.193479715,-0.21580999,-108.0762482,-2.90276,-1.88629,1.01648,18.335
0.2,2,-1,0.2,-0.2,0.8612,steady,0.193479715,-0.215933876,-113.2637482,-2.90364,-1.97683,0.92682,18.237
0.2,2,-1,0.2,-0.2,0.8985,steady,0.193479715,-0.21580999,-112.1387482,-2.90276,-1.95719,0.94557,16.745
0.2,2,-1,0.2,-0.2,0.9345,steady,0.214977461,-0.21580999,-114.0137482,-3.05523,-1.98992,1.06531,17.279
0.2,2,-1,0.2,-0.2,0.9706,steady,0.193479715,-0.194340489,-112.9512482,-2.7505,-1.97137,0.77913,17.207
0.2,2,-1,0.2,-0.2,1.0066,steady,0.193479715,-0.194228991,-117.1387482,-2.74971,-2.04446,0.70525,17.202
0.2,2,-1,0.2,-0.2,1.0425,steady,0.193479715,-0.194228991,-117.7637482,-2.74971,-2.05537,0.69434,17.36
0.2,2,-1,0.2,-0.2,1.0786,steady,0.193479715,-0.194340489,-119.0137482,-2.7505,-2.07718,0.67332,17.462
0.2,2,-1,0.2,-0.2,1.1146,steady,0.214977461,-0.194228991,-117.0762482,-2.90217,-2.04337,0.85881,17.55
0.2,2,-1,0.2,-0.2,1.1506,steady,0.193479715,-0.194228991,-118.1387482,-2.74971,-2.06191,0.6878,17.374
0.2,2,-1,0.2,-0.2,1.1867,steady,0.193479715,-0.215933876,-120.6387482,-2.90364,-2.10554,0.7981,16.599
0.2,2,-1,0.2,-0.2,1.2212,steady,0.193479715,-0.21580999,-120.0762482,-2.90276,-2.09573,0.80704,18.337
0.2,2,-1,0.2,-0.2,1.2556,steady,0.193479715,-0.215779041,-119.3262482,-2.90254,-2.08264,0.81991,16.769
0.2,2,-1,0.2,-0.2,1.2916,steady,0.193479715,-0.194396286,-117.5137482,-2.75089,-2.051,0.69989,17.396
0.2,2,-1,0.2,-0.2,1.3288,steady,0.193479715,-0.215779041,-116.9512482,-2.90254,-2.04118,0.86136,12.512
0.2,2,-1,0.2,-0.2,1.3593,steady,0.193479715,-0.194284724,-116.7637482,-2.7501,-2.03791,0.71219,18.341
0.2,2,-1,0.2,-0.2,1.3936,steady,0.193479715,-0.194256853,-116.4512482,-2.7499,-2.03246,0.71745,17.355
0.2,2,-1,0.2,-0.2,1.4253,steady,0.193479715,-0.194201137,-112.4512482,-2.74951,-1.96264,0.78687,18.499
0.2,2,-1,0.2,-0.2,1.4593,steady,0.193452075,-0.194256853,-113.2012482,-2.74971,-1.97573,0.77397,18.504
0.2,2,-1,0.2,-0.2,1.4967,steady,0.193479715,-0.216088934,-113.0762482,-2.90474,-1.97355,0.93119,18.079
0.2,2,-1,0.2,-0.2,1.5323,steady,0.193479715,-0.194145452,-114.8262482,-2.74911,-2.0041,0.74502,18.061
0.2,2,-1,0.2,-0.2,1.5653,steady,0.214977461,-0.19417329,-114.4512482,-2.90178,-1.99755,0.90423,18.334
0.2,2,-1,0.2,-0.2,1.5983,steady,0.193479715,-0.194228991,-116.8887482,-2.74971,-2.04009,0.70961,17.985
0.2,2,-1,0.2,-0.2,1.6327,steady,0.193479715,-0.194201137,-119.7012482,-2.74951,-2.08918,0.66033,16.695
0.2,2,-1,0.2,-0.2,1.6647,steady,0.214977461,-0.194145452,-115.3887482,-2.90158,-2.01391,0.88767,18.169
0.2,2,-1,0.2,-0.2,1.6974,steady,0.214977461,-0.215655332,-111.1387482,-3.05413,-1.93974,1.1144,18.358
0.2,2,-1,0.2,-0.2,1.7303,steady,0.193479715,-0.194145452,-114.5137482,-2.74911,-1.99864,0.75047,18.346
0.2,2,-1,0.2,-0.2,1.7647,steady,0.193479715,-0.194201137,-112.8887482,-2.74951,-1.97028,0.77923,16.711
0.2,2,-1,0.2,-0.2,1.7967,steady,0.193479715,-0.194145452,-110.6387482,-2.74911,-1.93101,0.8181,18.031
0.2,2,-1,0.2,-0.2,1.8294,steady,0.193479715,-0.172623233,-109.9512482,-2.59647,-1.91901,0.67746,18.048
0.2,2,-1,0.2,-0.2,1.8624,steady,0.193479715,-0.194145452,-109.8262482,-2.74911,-1.91683,0.83229,18.272
0.2,2,-1,0.2,-0.2,1.8967,steady,0.193479715,-0.194201137,-109.7012482,-2.74951,-1.91465,0.83486,16.745
0.2,2,-1,0.2,-0.2,1.9287,steady,0.171981969,-0.172647992,-110.2637482,-2.44418,-1.92447,0.51972,17.688
0.2,2,-1,0.2,-0.2,1.9614,steady,0.193479715,-0.194201137,-113.0137482,-2.74951,-1.97246,0.77705,18.178
0.2,2,-1,0.2,-0.2,1.9944,steady,0.193479715,-0.194145452,-113.4512482,-2.74911,-1.9801,0.76902,18.074
0.2,3,1,-0.2,0.2,0.0208,ramp,0.0,0.0,-0.263749987,0.0,-0.0046,0.0046,13.964
0.2,3,1,-0.2,0.2,0.0496,ramp,0.0,0.0,1.236250043,0.0,0.02158,0.02158,17.715
0.2,3,1,-0.2,0.2,0.0825,ramp,0.0,0.0,0.548750043,0.0,0.00958,0.00958,17.986
0.2,3,1,-0.2,0.2,0.1168,ramp,0.0,0.0,-0.013749987,0.0,-0.00024,0.00024,16.801
0.2,3,1,-0.2,0.2,0.1488,ramp,0.0,0.0,0.298750013,0.0,0.00521,0.00521,17.68
0.2,3,1,-0.2,0.2,0.1843,ramp,-0.042995492,0.043143434,9.423749924,0.61091,0.16448,0.44644,17.186
0.2,3,1,-0.2,0.2,0.2173,ramp,-0.064493238,0.043155808,12.23624992,0.76347,0.21356,0.54991,16.758
0.2,3,1,-0.2,0.2,0.2528,ramp,-0.085990984,0.043143434,29.11124992,0.91585,0.50809,0.40776,14.243
0.2,3,1,-0.2,0.2,0.2833,ramp,-0.107488731,0.043155808,44.23625183,1.0684,0.77207,0.29633,16.738
0.2,3,1,-0.2,0.2,0.3163,ramp,-0.107488731,0.064715151,48.11125183,1.2213,0.8397,0.3816,17.028
0.2,3,1,-0.2,0.2,0.3494,ramp,-0.128986477,0.064733712,55.17375183,1.3739,0.96296,0.41094,17.107
0.2,3,1,-0.2,0.2,0.3853,ramp,-0.128986477,0.064798762,62.67375183,1.37436,1.09386,0.2805,17.262
0.2,3,1,-0.2,0.2,0.4183,ramp,-0.150484223,0.10787405,77.29875183,1.83233,1.34912,0.48321,17.018
0.2,3,1,-0.2,0.2,0.45,ramp,-0.150484223,0.129430301,82.23625183,1.98521,1.43529,0.54992,18.334
0.2,3,1,-0.2,0.2,0.4848,ramp,-0.171981969,0.129393199,87.54875183,2.13741,1.52801,0.6094,17.095
0.2,3,1,-0.2,0.2,0.5204,steady,-0.171981969,0.151132024,90.29875183,2.29159,1.57601,0.71558,17.288
0.2,3,1,-0.2,0.2,0.5564,steady,-0.171981969,0.172722313,95.54875183,2.44471,1.66764,0.77707,16.749
0.2,3,1,-0.2,0.2,0.5894,steady,-0.193479715,0.172425412,98.54875183,2.59507,1.72,0.87507,17.453
0.2,3,1,-0.2,0.2,0.6254,steady,-0.193452075,0.172722313,100.7987518,2.59698,1.75927,0.83771,16.764
0.2,3,1,-0.2,0.2,0.6614,steady,-0.193479715,0.194368383,106.2987518,2.7507,1.85526,0.89543,16.765
0.2,3,1,-0.2,0.2,0.6944,steady,-0.193479715,0.193812012,106.4237518,2.74675,1.85744,0.8893,17.287
0.2,3,1,-0.2,0.2,0.7305,steady,-0.193479715,0.172722313,109.3612518,2.59718,1.90871,0.68846,16.954
0.2,3,1,-0.2,0.2,0.7651,steady,-0.193479715,0.194284724,108.6112518,2.7501,1.89562,0.85448,18.157
0.2,3,1,-0.2,0.2,0.8024,steady,-0.193479715,0.172796698,108.7362518,2.59771,1.89781,0.6999,17.27
0.2,3,1,-0.2,0.2,0.8385,steady,-0.193479715,0.194228991,111.9862518,2.74971,1.95453,0.79518,17.201
0.2,3,1,-0.2,0.2,0.8744,steady,-0.193479715,0.194228991,114.5487518,2.74971,1.99925,0.75045,16.741
0.2,3,1,-0.2,0.2,0.9105,steady,-0.214977461,0.194340489,112.3612518,2.90296,1.96107,0.94189,17.288
0.2,3,1,-0.2,0.2,0.9466,steady,-0.193479715,0.194228991,113.2362518,2.74971,1.97635,0.77336,17.287
0.2,3,1,-0.2,0.2,0.9825,steady,-0.193479715,0.194228991,115.2987518,2.74971,2.01234,0.73736,17.287
0.2,3,1,-0.2,0.2,1.0185,steady,-0.214977461,0.194340489,119.4237518,2.90296,2.08434,0.81863,16.957
0.2,3,1,-0.2,0.2,1.0545,steady,-0.193479715,0.21580999,120.2987518,2.90276,2.09961,0.80315,17.193
0.2,3,1,-0.2,0.2,1.0905,steady,-0.193479715,0.194228991,119.1112518,2.74971,2.07888,0.67082,17.194
0.2,3,1,-0.2,0.2,1.1266,steady,-0.214977461,0.194340489,117.7362518,2.90296,2.05489,0.84808,17.374
0.2,3,1,-0.2,0.2,1.1626,steady,-0.193479715,0.194535918,117.9237518,2.75188,2.05816,0.69373,17.201
0.2,3,1,-0.2,0.2,1.1986,steady,-0.193479715,0.194228991,119.1737518,2.74971,2.07997,0.66973,16.956
0.2,3,1,-0.2,0.2,1.2346,steady,-0.214977461,0.194340489,118.8612518,2.90296,2.07452,0.82844,17.198
0.2,3,1,-0.2,0.2,1.2705,steady,-0.193479715,0.21580999,117.3612518,2.90276,2.04834,0.85442,17.183
0.2,3,1,-0.2,0.2,1.3065,steady,-0.193479715,0.21580999,115.9237518,2.90276,2.02325,0.87951,17.361
0.2,3,1,-0.2,0.2,1.3426,steady,-0.193479715,0.215933876,116.9237518,2.90364,2.0407,0.86294,17.377
0.2,3,1,-0.2,0.2,1.3786,steady,-0.193479715,0.194228991,119.5487518,2.74971,2.08652,0.66319,17.286
0.2,3,1,-0.2,0.2,1.4168,steady,-0.214977461,0.194228991,116.9237518,2.90217,2.0407,0.86147,15.056
0.2,3,1,-0.2,0.2,1.4506,steady,-0.193479715,0.194591827,117.2987518,2.75228,2.04725,0.70503,17.547
0.2,3,1,-0.2,0.2,1.4866,steady,-0.193479715,0.194228991,117.2987518,2.74971,2.04725,0.70246,16.974
0.2,3,1,-0.2,0.2,1.5226,steady,-0.193479715,0.194228991,119.5487518,2.74971,2.08652,0.66319,17.113
0.2,3,1,-0.2,0.2,1.5586,steady,-0.193479715,0.194340489,118.8612518,2.7505,2.07452,0.67598,17.027
0.2,3,1,-0.2,0.2,1.6106,steady,-0.193479715,0.194228991,118.5487518,2.74971,2.06907,0.68064,16.744
0.2,3,1,-0.2,0.2,1.6466,steady,-0.193479715,0.194396286,117.1112518,2.75089,2.04398,0.70692,16.668
0.2,3,1,-0.2,0.2,1.6826,steady,-0.193479715,0.194563869,117.3612518,2.75208,2.04834,0.70374,17.272
0.2,3,1,-0.2,0.2,1.7187,steady,-0.193479715,0.194201137,116.2362518,2.74951,2.02871,0.7208,17.287
0.2,3,1,-0.2,0.2,1.7546,steady,-0.193479715,0.194201137,117.2362518,2.74951,2.04616,0.70335,16.936
0.2,3,1,-0.2,0.2,1.7906,steady,-0.193479715,0.194312602,118.1112518,2.7503,2.06143,0.68887,16.838
0.2,3,1,-0.2,0.2,1.8267,steady,-0.214977461,0.215779041,118.9862518,3.05501,2.0767,0.97831,16.955
0.2,3,1,-0.2,0.2,1.8627,steady,-0.193479715,0.215779041,115.7987518,2.90254,2.02107,0.88147,17.463
0.2,3,1,-0.2,0.2,1.8986,steady,-0.193479715,0.215902891,117.4237518,2.90342,2.04943,0.85399,17.274
0.2,3,1,-0.2,0.2,1.9333,steady,-0.193479715,0.215779041,119.5487518,2.90254,2.08652,0.81603,18.15
0.2,3,1,-0.2,0.2,1.9693,steady,-0.193479715,0.194201137,118.3612518,2.74951,2.06579,0.68372,17.802
0.2,4,-1,0.2,-0.2,0.0233,ramp,0.0,0.0,-0.201249987,0.0,-0.00351,0.00351,18.074
0.2,4,-1,0.2,-0.2,0.0568,ramp,0.0,0.0,1.236250043,0.0,0.02158,0.02158,17.792
0.2,4,-1,0.2,-0.2,0.0893,ramp,0.0,0.0,0.048750013,0.0,0.00085,0.00085,18.043
0.2,4,-1,0.2,-0.2,0.1223,ramp,0.0,0.0,-0.576249957,0.0,-0.01006,0.01006,18.247
0.2,4,-1,0.2,-0.2,0.1568,ramp,0.0,0.0,-0.201249987,0.0,-0.00351,0.00351,16.206
0.2,4,-1,0.2,-0.2,0.1887,ramp,0.0,0.0,-0.638749957,0.0,-0.01115,0.01115,17.387
0.2,4,-1,0.2,-0.2,0.2213,ramp,0.0,0.0,-1.013749957,0.0,-0.01769,0.01769,18.065
0.2,4,-1,0.2,-0.2,0.2571,ramp,0.042995492,-0.021568625,-12.57625008,-0.4579,-0.2195,0.2384,17.017
0.2,4,-1,0.2,-0.2,0.2888,ramp,0.064493238,-0.02157481,-18.70125008,-0.61041,-0.3264,0.28401,18.043
0.2,4,-1,0.2,-0.2,0.3218,ramp,0.085990984,-0.021568625,-24.38875008,-0.76283,-0.42566,0.33717,18.581
0.2,4,-1,0.2,-0.2,0.3648,ramp,0.085990984,-0.06472443,-43.82624817,-1.0689,-0.76491,0.30399,12.604
0.2,4,-1,0.2,-0.2,0.3968,ramp,0.128986477,-0.06472443,-53.95124817,-1.37384,-0.94163,0.43221,16.488
0.2,4,-1,0.2,-0.2,0.4288,ramp,0.150484223,-0.086274498,-60.32624817,-1.67914,-1.05289,0.62625,17.262
0.2,4,-1,0.2,-0.2,0.4608,ramp,0.150484223,-0.10787405,-65.95124817,-1.83233,-1.15107,0.68126,18.377
0.2,4,-1,0.2,-0.2,0.4951,ramp,0.171981969,-0.129411747,-80.88874817,-2.13754,-1.41177,0.72577,17.411
0.2,4,-1,0.2,-0.2,0.5289,steady,0.150484223,-0.12944886,-81.26374817,-1.98534,-1.41832,0.56702,15.98
0.2,4,-1,0.2,-0.2,0.5611,steady,0.171981969,-0.129467424,-90.01374817,-2.13794,-1.57104,0.5669,16.933
0.2,4,-1,0.2,-0.2,0.5938,steady,0.193452075,-0.151110341,-96.32624817,-2.44371,-1.68121,0.76249,18.222
0.2,4,-1,0.2,-0.2,0.6281,steady,0.171981969,-0.150980372,-96.82624817,-2.29051,-1.68994,0.60058,17.185
0.2,4,-1,0.2,-0.2,0.6611,steady,0.171981969,-0.151218819,-101.9512482,-2.2922,-1.77938,0.51282,17.177
0.2,4,-1,0.2,-0.2,0.6928,steady,0.193479715,-0.15102367,-100.8887482,-2.44329,-1.76084,0.68245,18.7
0.2,4,-1,0.2,-0.2,0.7258,steady,0.193479715,-0.172548997,-104.5762482,-2.59595,-1.8252,0.77075,18.333
0.2,4,-1,0.2,-0.2,0.7588,steady,0.193479715,-0.194061984,-104.3262482,-2.74852,-1.82084,0.92769,18.123
0.2,4,-1,0.2,-0.2,0.7929,steady,0.193479715,-0.194117621,-104.9512482,-2.74892,-1.83174,0.91717,17.476
0.2,4,-1,0.2,-0.2,0.8248,steady,0.193479715,-0.19417329,-102.2637482,-2.74931,-1.78484,0.96447,18.494
0.2,4,-1,0.2,-0.2,0.8608,steady,0.193479715,-0.194117621,-106.7637482,-2.74892,-1.86338,0.88554,15.802
0.2,4,-1,0.2,-0.2,0.8953,steady,0.193479715,-0.194312602,-106.8887482,-2.7503,-1.86556,0.88474,17.469
0.2,4,-1,0.2,-0.2,0.9313,steady,0.193479715,-0.194201137,-104.5137482,-2.74951,-1.82411,0.9254,17.289
0.2,4,-1,0.2,-0.2,0.9672,steady,0.214977461,-0.172623233,-107.8262482,-2.74894,-1.88192,0.86702,17.027
0.2,4,-1,0.2,-0.2,1.0003,steady,0.193479715,-0.194284724,-111.0762482,-2.7501,-1.93865,0.81146,17.378
0.2,4,-1,0.2,-0.2,1.0363,steady,0.193479715,-0.172623233,-111.7012482,-2.59647,-1.94955,0.64692,17.116
0.2,4,-1,0.2,-0.2,1.0723,steady,0.214977461,-0.194201137,-111.5137482,-2.90198,-1.94628,0.95569,16.781
0.2,4,-1,0.2,-0.2,1.1069,steady,0.193479715,-0.194312602,-112.9512482,-2.7503,-1.97137,0.77893,18.501
0.2,4,-1,0.2,-0.2,1.1408,steady,0.193479715,-0.2157481,-114.1387482,-2.90232,-1.9921,0.91023,17.207
0.2,4,-1,0.2,-0.2,1.1743,steady,0.214977461,-0.194117621,-114.7637482,-2.90138,-2.00301,0.89838,16.959
0.2,4,-1,0.2,-0.2,1.2102,steady,0.193479715,-0.194312602,-116.3262482,-2.7503,-2.03028,0.72002,17.359
0.2,4,-1,0.2,-0.2,1.2432,steady,0.193479715,-0.215717169,-117.6387482,-2.90211,-2.05318,0.84892,17.271
0.2,4,-1,0.2,-0.2,1.2768,steady,0.214977461,-0.194117621,-118.3262482,-2.90138,-2.06518,0.8362,16.66
0.2,4,-1,0.2,-0.2,1.3088,steady,0.193479715,-0.194061984,-119.0137482,-2.74852,-2.07718,0.67134,17.341
0.2,4,-1,0.2,-0.2,1.3409,steady,0.193479715,-0.215686246,-117.9512482,-2.90189,-2.05864,0.84325,18.265
0.2,4,-1,0.2,-0.2,1.374,steady,0.193396819,-0.193923031,-119.5762482,-2.74695,-2.087,0.65995,18.049
0.2,4,-1,0.2,-0.2,1.4079,steady,0.193452075,-0.215593531,-118.1387482,-2.90103,-2.06191,0.83912,18.344
0.2,4,-1,0.2,-0.2,1.441,steady,0.193479715,-0.194061984,-121.3887482,-2.74852,-2.11863,0.62989,18.046
0.2,4,-1,0.2,-0.2,1.4739,steady,0.214977461,-0.19417329,-118.0137482,-2.90178,-2.05973,0.84205,18.336
0.2,4,-1,0.2,-0.2,1.507,steady,0.214977461,-0.194117621,-115.7637482,-2.90138,-2.02046,0.88092,18.501
0.2,4,-1,0.2,-0.2,1.5408,steady,0.214977461,-0.19417329,-115.9512482,-2.90178,-2.02373,0.87805,17.431
0.2,4,-1,0.2,-0.2,1.573,steady,0.193479715,-0.215686246,-116.3262482,-2.90189,-2.03028,0.87161,18.339
0.2,4,-1,0.2,-0.2,1.606,steady,0.193479715,-0.19417329,-117.3262482,-2.74931,-2.04773,0.70158,18.333
0.2,4,-1,0.2,-0.2,1.6408,steady,0.214977461,-0.215779041,-118.2012482,-3.05501,-2.063,0.99201,16.587
0.2,4,-1,0.2,-0.2,1.6727,steady,0.193479715,-0.2157481,-120.3887482,-2.90232,-2.10118,0.80114,17.494
0.2,4,-1,0.2,-0.2,1.705,steady,0.214977461,-0.215686246,-119.9512482,-3.05435,-2.09354,0.96081,18.238
0.2,4,-1,0.2,-0.2,1.7381,steady,0.214977461,-0.194061984,-115.6387482,-2.90099,-2.01828,0.88271,18.238
0.2,4,-1,0.2,-0.2,1.771,steady,0.214977461,-0.215686246,-117.8262482,-3.05435,-2.05646,0.9979,18.082
0.2,4,-1,0.2,-0.2,1.8048,steady,0.193479715,-0.2157481,-117.6387482,-2.90232,-2.05318,0.84914,17.528
0.2,4,-1,0.2,-0.2,1.837,steady,0.214977461,-0.194117621,-116.2637482,-2.90138,-2.02919,0.8722,18.241
0.2,4,-1,0.2,-0.2,1.87,steady,0.214977461,-0.19417329,-114.8262482,-2.90178,-2.0041,0.89768,17.891
0.2,4,-1,0.2,-0.2,1.903,steady,0.193479715,-0.194117621,-115.4512482,-2.74892,-2.015,0.73391,18.065
0.2,4,-1,0.2,-0.2,1.9368,steady,0.193479715,-0.19417329,-116.7012482,-2.74931,-2.03682,0.71249,17.47
0.2,4,-1,0.2,-0.2,1.9691,steady,0.193479715,-0.194201137,-117.0137482,-2.74951,-2.04228,0.70723,18.049
0.2,5,1,-0.2,0.2,0.0207,ramp,0.0,0.0,-1.138749957,0.0,-0.01987,0.01987,18.935
0.2,5,1,-0.2,0.2,0.056,ramp,0.0,0.0,-0.826249957,0.0,-0.01442,0.01442,17.823
0.2,5,1,-0.2,0.2,0.092,ramp,0.0,0.0,0.173750013,0.0,0.00303,0.00303,17.901
0.2,5,1,-0.2,0.2,0.128,ramp,0.0,0.0,0.173750013,0.0,0.00303,0.00303,18.258
0.2,5,1,-0.2,0.2,0.164,ramp,0.0,0.0,-0.701249957,0.0,-0.01224,0.01224,17.821
0.2,5,1,-0.2,0.2,0.2014,ramp,0.0,0.021587192,0.361250013,0.1531,0.00631,0.1468,17.271
0.2,5,1,-0.2,0.2,0.2374,ramp,-0.064493238,0.021577904,7.923749924,0.61043,0.1383,0.47214,17.976
0.2,5,1,-0.2,0.2,0.2747,ramp,-0.085990984,0.021577904,15.92374992,0.7629,0.27792,0.48498,16.738
0.2,5,1,-0.2,0.2,0.3094,ramp,-0.064493238,0.021590289,26.17374992,0.61052,0.45682,0.1537,18.238
0.2,5,1,-0.2,0.2,0.3454,ramp,-0.107488731,0.064733712,43.92375183,1.22144,0.76661,0.45482,18.239
0.2,5,1,-0.2,0.2,0.3828,ramp,-0.128986477,0.064733712,60.17375183,1.3739,1.05023,0.32367,17.2
0.2,5,1,-0.2,0.2,0.4187,ramp,-0.150484223,0.086361157,61.42375183,1.67975,1.07205,0.60771,16.932
0.2,5,1,-0.2,0.2,0.4548,ramp,-0.150484223,0.10788952,71.54875183,1.83244,1.24876,0.58368,17.026
0.2,5,1,-0.2,0.2,0.4908,ramp,-0.171981969,0.129467424,79.29875183,2.13794,1.38402,0.75391,17.548
0.2,5,1,-0.2,0.2,0.5268,steady,-0.171981969,0.129541735,81.67375183,2.13847,1.42548,0.71299,16.954
0.2,5,1,-0.2,0.2,0.5614,steady,-0.1719574,0.151045328,95.29875183,2.2908,1.66328,0.62752,18.335
0.2,5,1,-0.2,0.2,0.5988,steady,-0.193479715,0.151110341,98.67375183,2.4439,1.72218,0.72172,17.306
0.2,5,1,-0.2,0.2,0.6348,steady,-0.193479715,0.172871148,100.7362518,2.59823,1.75818,0.84005,16.773
0.2,5,1,-0.2,0.2,0.6709,steady,-0.193479715,0.172623233,101.9862518,2.59647,1.78,0.81648,17.29
0.2,5,1,-0.2,0.2,0.7068,steady,-0.193479715,0.172623233,106.7362518,2.59647,1.8629,0.73358,17.177
0.2,5,1,-0.2,0.2,0.7429,steady,-0.193479715,0.194312602,109.7987518,2.7503,1.91635,0.83395,17.288
0.2,5,1,-0.2,0.2,0.7789,steady,-0.193479715,0.194201137,111.4862518,2.74951,1.9458,0.80371,17.202
0.2,5,1,-0.2,0.2,0.8149,steady,-0.193479715,0.194201137,111.7362518,2.74951,1.95017,0.79934,17.372
0.2,5,1,-0.2,0.2,0.8509,steady,-0.214977461,0.194312602,114.2987518,2.90277,1.99489,0.90788,17.197
0.2,5,1,-0.2,0.2,0.8869,steady,-0.193479715,0.194201137,117.1112518,2.74951,2.04398,0.70553,17.289
0.2,5,1,-0.2,0.2,0.9229,steady,-0.193479715,0.194201137,117.0487518,2.74951,2.04289,0.70662,17.21
0.2,5,1,-0.2,0.2,0.9608,steady,-0.193479715,0.215902891,118.5487518,2.90342,2.06907,0.83436,15.593
0.2,5,1,-0.2,0.2,0.9949,steady,-0.193479715,0.194201137,116.8612518,2.74951,2.03961,0.7099,17.465
0.2,5,1,-0.2,0.2,1.0309,steady,-0.193479715,0.194201137,122.1112518,2.74951,2.13124,0.61827,17.243
0.2,5,1,-0.2,0.2,1.0669,steady,-0.214977461,0.215902891,122.2362518,3.05589,2.13343,0.92246,17.194
0.2,5,1,-0.2,0.2,1.1029,steady,-0.193479715,0.194201137,120.3612518,2.74951,2.1007,0.64881,17.319
0.2,5,1,-0.2,0.2,1.1389,steady,-0.193479715,0.215779041,119.8612518,2.90254,2.09197,0.81057,17.551
0.2,5,1,-0.2,0.2,1.1749,steady,-0.214977461,0.194312602,118.8612518,2.90277,2.07452,0.82825,17.523
0.2,5,1,-0.2,0.2,1.2127,steady,-0.198825744,0.198804443,119.1737518,2.82007,2.07997,0.7401,15.262
0.2,5,1,-0.2,0.2,1.247,steady,-0.193479715,0.215779041,118.4237518,2.90254,2.06688,0.83566,17.217
0.2,5,1,-0.2,0.2,1.2829,steady,-0.193479715,0.194312602,118.1737518,2.7503,2.06252,0.68778,17.188
0.2,5,1,-0.2,0.2,1.319,steady,-0.214977461,0.194201137,115.2362518,2.90198,2.01125,0.89072,17.372
0.2,5,1,-0.2,0.2,1.3567,steady,-0.193479715,0.215624427,115.4237518,2.90145,2.01452,0.88692,16.259
0.2,5,1,-0.2,0.2,1.3897,steady,-0.198825744,0.198726381,117.5487518,2.81952,2.05161,0.76791,17.976
0.2,5,1,-0.2,0.2,1.4239,steady,-0.214977461,0.19417329,117.4862518,2.90178,2.05052,0.85126,16.939
0.2,5,1,-0.2,0.2,1.4568,steady,-0.193479715,0.19417329,117.3612518,2.74931,2.04834,0.70097,17.125
0.2,5,1,-0.2,0.2,1.4899,steady,-0.193479715,0.194117621,116.2362518,2.74892,2.02871,0.72021,17.019
0.2,5,1,-0.2,0.2,1.5216,steady,-0.193479715,0.19417329,118.5487518,2.74931,2.06907,0.68025,18.237
0.2,5,1,-0.2,0.2,1.5546,steady,-0.193479715,0.194117621,117.1112518,2.74892,2.04398,0.70494,18.256
0.2,5,1,-0.2,0.2,1.5887,steady,-0.214977461,0.19417329,117.2987518,2.90178,2.04725,0.85453,17.534
0.2,5,1,-0.2,0.2,1.6219,steady,-0.193479715,0.194201137,119.6112518,2.74951,2.08761,0.6619,16.733
0.2,5,1,-0.2,0.2,1.6536,steady,-0.214977461,0.19417329,118.9862518,2.90178,2.0767,0.82508,17.797
0.2,5,1,-0.2,0.2,1.6866,steady,-0.193479715,0.194117621,118.1112518,2.74892,2.06143,0.68749,18.168
0.2,5,1,-0.2,0.2,1.7207,steady,-0.193479715,0.215624427,115.4237518,2.90145,2.01452,0.88692,16.78
0.2,5,1,-0.2,0.2,1.7527,steady,-0.214977461,0.194117621,119.0487518,2.90138,2.07779,0.82359,18.215
0.2,5,1,-0.2,0.2,1.7887,steady,-0.193479715,0.19417329,117.0487518,2.74931,2.04289,0.70643,14.977
0.2,5,1,-0.2,0.2,1.8187,steady,-0.214977461,0.194117621,115.4237518,2.90138,2.01452,0.88686,18.501
0.2,5,1,-0.2,0.2,1.8527,steady,-0.193479715,0.19417329,116.8612518,2.74931,2.03961,0.7097,17.164
0.2,5,1,-0.2,0.2,1.886,steady,-0.193479715,0.194117621,118.1112518,2.74892,2.06143,0.68749,16.926
0.2,5,1,-0.2,0.2,1.9177,steady,-0.193479715,0.2157481,118.1737518,2.90232,2.06252,0.8398,18.24
0.2,5,1,-0.2,0.2,1.9521,steady,-0.214977461,0.194201137,120.5487518,2.90198,2.10397,0.798,17.305
0.2,5,1,-0.2,0.2,1.9881,steady,-0.193479715,0.194201137,122.7987518,2.74951,2.14324,0.60627,17.292
0.3,1,1,-0.3,0.3,0.0225,ramp,0.0,0.0,-0.076249987,0.0,-0.00133,0.00133,14.267
0.3,1,1,-0.3,0.3,0.0514,ramp,0.0,0.0,-0.076249987,0.0,-0.00133,0.00133,18.045
0.3,1,1,-0.3,0.3,0.0872,ramp,-0.064493238,0.064733712,32.17375183,0.9165,0.56154,0.35497,17.16
0.3,1,1,-0.3,0.3,0.1225,ramp,-0.107488731,0.107843123,58.17375183,1.52718,1.01532,0.51185,18.501
0.3,1,1,-0.3,0.3,0.1602,ramp,-0.128986477,0.129356118,69.36125183,1.83222,1.21058,0.62163,16.759
0.3,1,1,-0.3,0.3,0.1963,ramp,-0.128986477,0.151153713,78.92375183,1.98681,1.37748,0.60933,17.199
0.3,1,1,-0.3,0.3,0.2323,ramp,-0.193479715,0.194228991,97.67375183,2.74971,1.70473,1.04498,17.376
0.3,1,1,-0.3,0.3,0.2682,ramp,-0.214977461,0.21580999,110.7987518,3.05523,1.9338,1.12143,16.742
0.3,1,1,-0.3,0.3,0.3043,ramp,-0.214977461,0.215933876,117.6112518,3.05611,2.0527,1.00341,17.112
0.3,1,1,-0.3,0.3,0.3403,ramp,-0.257972953,0.237390989,126.4862518,3.51322,2.2076,1.30562,17.199
0.3,1,1,-0.3,0.3,0.3763,ramp,-0.236475207,0.258971988,135.7987518,3.51381,2.37014,1.14367,17.289
0.3,1,1,-0.3,0.3,0.4123,ramp,-0.257972953,0.259120652,142.1112518,3.66733,2.48031,1.18702,16.674
0.3,1,1,-0.3,0.3,0.4482,ramp,-0.257972953,0.258971988,150.9862518,3.66628,2.63521,1.03107,16.93
0.3,1,1,-0.3,0.3,0.4843,ramp,-0.2794707,0.280552987,156.3612518,3.9718,2.72902,1.24278,16.741
0.3,1,1,-0.3,0.3,0.5203,steady,-0.279430775,0.280714039,161.7362518,3.97266,2.82283,1.14983,17.113
0.3,1,1,-0.3,0.3,0.5563,steady,-0.27975049,0.302567962,167.6737518,4.12992,2.92646,1.20346,17.201
0.3,1,1,-0.3,0.3,0.5923,steady,-0.2794707,0.280552987,169.4237518,3.9718,2.957,1.0148,17.186
0.3,1,1,-0.3,0.3,0.6285,steady,-0.300968446,0.280955965,171.2362518,4.12712,2.98864,1.13849,17.251
0.3,1,1,-0.3,0.3,0.6643,steady,-0.300968446,0.280552987,175.0487518,4.12427,3.05518,1.06909,17.289
0.3,1,1,-0.3,0.3,0.7003,steady,-0.300968446,0.302133986,176.2362518,4.27732,3.0759,1.20142,17.376
0.3,1,1,-0.3,0.3,0.735,steady,-0.2794707,0.280714039,177.2362518,3.97294,3.09336,0.87959,17.993
0.3,1,1,-0.3,0.3,0.7724,steady,-0.300968446,0.302133986,176.6737518,4.27732,3.08354,1.19378,16.859
0.3,1,1,-0.3,0.3,0.8083,steady,-0.300968446,0.302133986,177.2362518,4.27732,3.09336,1.18397,16.932
0.3,1,1,-0.3,0.3,0.8444,steady,-0.300968446,0.302307427,173.9237518,4.27855,3.03554,1.24301,17.2
0.3,1,1,-0.3,0.3,0.879,steady,-0.2794707,0.280552987,172.4862518,3.9718,3.01045,0.96135,18.667
0.3,1,1,-0.3,0.3,0.915,steady,-0.300968446,0.280552987,172.6112518,4.12427,3.01263,1.11163,18.045
0.3,1,1,-0.3,0.3,0.9524,steady,-0.300968446,0.302307427,173.8612518,4.27855,3.03445,1.2441,17.112
0.3,1,1,-0.3,0.3,0.9884,steady,-0.300968446,0.302133986,176.1112518,4.27732,3.07372,1.2036,16.858
0.3,1,1,-0.3,0.3,1.0244,steady,-0.300968446,0.302133986,173.7987518,4.27732,3.03336,1.24396,17.2
0.3,1,1,-0.3,0.3,1.0604,steady,-0.300968446,0.302307427,172.5487518,4.27855,3.01154,1.26701,17.463
0.3,1,1,-0.3,0.3,1.0965,steady,-0.300968446,0.302133986,174.4237518,4.27732,3.04427,1.23305,17.46
0.3,1,1,-0.3,0.3,1.1324,steady,-0.300968446,0.302133986,175.8612518,4.27732,3.06936,1.20796,17.313
0.3,1,1,-0.3,0.3,1.1684,steady,-0.300968446,0.302307427,176.0487518,4.27855,3.07263,1.20592,16.952
0.3,1,1,-0.3,0.3,1.2031,steady,-0.2794707,0.302133986,175.2362518,4.12486,3.05845,1.06641,17.896
0.3,1,1,-0.3,0.3,1.2404,steady,-0.300968446,0.302133986,170.1737518,4.27732,2.97009,1.30723,16.756
0.3,1,1,-0.3,0.3,1.275,steady,-0.300968446,0.302307427,174.9862518,4.27855,3.05409,1.22447,18.151
0.3,1,1,-0.3,0.3,1.3161,steady,-0.300887839,0.300137589,176.9237518,4.26259,3.0879,1.17469,18.169
0.3,1,1,-0.3,0.3,1.3505,steady,-0.300968446,0.302177328,176.4237518,4.27763,3.07918,1.19845,16.614
0.3,1,1,-0.3,0.3,1.3825,steady,-0.300968446,0.302394222,176.2362518,4.27917,3.0759,1.20327,17.691
0.3,1,1,-0.3,0.3,1.415,steady,-0.300968446,0.302090657,174.4237518,4.27701,3.04427,1.23275,18.239
0.3,1,1,-0.3,0.3,1.4481,steady,-0.300968446,0.302004036,171.2362518,4.2764,2.98864,1.28776,18.515
0.3,1,1,-0.3,0.3,1.4825,steady,-0.300968446,0.301917465,173.4862518,4.27579,3.02791,1.24788,17.341
0.3,1,1,-0.3,0.3,1.5154,steady,-0.300968446,0.302004036,175.1737518,4.2764,3.05736,1.21904,17.105
0.3,1,1,-0.3,0.3,1.5515,steady,-0.300968446,0.302133986,173.5487518,4.27732,3.029,1.24833,17.339
0.3,1,1,-0.3,0.3,1.5875,steady,-0.300968446,0.301874198,173.4237518,4.27548,3.02682,1.24866,17.627
0.3,1,1,-0.3,0.3,1.6235,steady,-0.300968446,0.302264048,174.7987518,4.27824,3.05081,1.22743,17.188
0.3,1,1,-0.3,0.3,1.6581,steady,-0.300968446,0.302264048,175.7987518,4.27824,3.06827,1.20998,18.073
0.3,1,1,-0.3,0.3,1.6925,steady,-0.300968446,0.301701253,176.1112518,4.27425,3.07372,1.20053,17.109
0.3,1,1,-0.3,0.3,1.7271,steady,-0.300968446,0.280673759,176.1737518,4.12512,3.07481,1.05031,18.064
0.3,1,1,-0.3,0.3,1.7631,steady,-0.2794707,0.302264048,173.3612518,4.12578,3.02572,1.10005,18.046
0.3,1,1,-0.3,0.3,1.8005,steady,-0.300968446,0.302394222,174.9237518,4.27917,3.053,1.22617,17.462
0.3,1,1,-0.3,0.3,1.8365,steady,-0.300968446,0.302133986,174.5487518,4.27732,3.04645,1.23087,17.299
0.3,1,1,-0.3,0.3,1.8725,steady,-0.300968446,0.280552987,176.4237518,4.12427,3.07918,1.04509,17.01
0.3,1,1,-0.3,0.3,1.9072,steady,-0.300968446,0.302307427,173.7987518,4.27855,3.03336,1.24519,17.887
0.3,1,1,-0.3,0.3,1.9445,steady,-0.300968446,0.302133986,172.4862518,4.27732,3.01045,1.26687,16.742
0.3,1,1,-0.3,0.3,1.9805,steady,-0.300968446,0.302133986,170.6112518,4.27732,2.97773,1.29959,17.024
0.3,2,-1,0.3,-0.3,0.0214,ramp,0.0,0.0,0.298750013,0.0,0.00521,0.00521,18.159
0.3,2,-1,0.3,-0.3,0.0557,ramp,0.021497746,0.0,-3.826250076,-0.15247,-0.06678,0.08569,17.21
0.3,2,-1,0.3,-0.3,0.09,ramp,0.064493238,-0.021571717,-9.513750076,-0.61039,-0.16605,0.44434,17.266
0.3,2,-1,0.3,-0.3,0.1217,ramp,0.042995492,0.0,-10.26375008,-0.30493,-0.17914,0.1258,17.537
0.3,2,-1,0.3,-0.3,0.1547,ramp,0.064493238,-0.021580999,-8.826250076,-0.61046,-0.15405,0.45641,18.34
0.3,2,-1,0.3,-0.3,0.189,ramp,0.107488731,-0.064733712,-38.70124817,-1.22144,-0.67546,0.54597,16.941
0.3,2,-1,0.3,-0.3,0.222,ramp,0.107488731,-0.086286867,-58.20124817,-1.3743,-1.0158,0.35849,17.268
0.3,2,-1,0.3,-0.3,0.2538,ramp,0.150484223,-0.107827666,-70.70124817,-1.832,-1.23397,0.59803,18.042
0.3,2,-1,0.3,-0.3,0.2867,ramp,0.193479715,-0.129430301,-81.01374817,-2.29014,-1.41396,0.87619,18.258
0.3,2,-1,0.3,-0.3,0.3207,ramp,0.193479715,-0.172623233,-97.76374817,-2.59647,-1.7063,0.89018,17.109
0.3,2,-1,0.3,-0.3,0.3567,ramp,0.214977461,-0.172573735,-107.5137482,-2.74859,-1.87647,0.87212,14.52
0.3,2,-1,0.3,-0.3,0.3871,ramp,0.236475207,-0.194201137,-117.7637482,-3.05444,-2.05537,0.99908,16.93
0.3,2,-1,0.3,-0.3,0.4201,ramp,0.236475207,-0.215717169,-124.2637482,-3.20704,-2.16881,1.03823,17.365
0.3,2,-1,0.3,-0.3,0.4531,ramp,0.257972953,-0.215779041,-132.5762482,-3.35994,-2.31389,1.04605,17.016
0.3,2,-1,0.3,-0.3,0.4858,ramp,0.2579361,-0.237527264,-139.3887482,-3.51392,-2.43279,1.08113,18.333
0.3,2,-1,0.3,-0.3,0.5188,steady,0.2794707,-0.258934849,-148.5137482,-3.81848,-2.59205,1.22643,18.066
0.3,2,-1,0.3,-0.3,0.5528,steady,0.2794707,-0.280432319,-155.0762482,-3.97094,-2.70659,1.26435,17.318
0.3,2,-1,0.3,-0.3,0.5848,steady,0.2794707,-0.258564041,-160.7637482,-3.81585,-2.80586,1.00999,18.581
0.3,2,-1,0.3,-0.3,0.6178,steady,0.2794707,-0.280432319,-164.5137482,-3.97094,-2.87131,1.09964,18.044
0.3,2,-1,0.3,-0.3,0.6522,steady,0.300968446,-0.280512753,-163.3887482,-4.12398,-2.85167,1.27231,17.184
0.3,2,-1,0.3,-0.3,0.6868,steady,0.2794707,-0.280512753,-164.4512482,-3.97151,-2.87022,1.1013,17.925
0.3,2,-1,0.3,-0.3,0.7207,steady,0.2794707,-0.280432319,-167.3262482,-3.97094,-2.92039,1.05055,17.857
0.3,2,-1,0.3,-0.3,0.7541,steady,0.300968446,-0.280512753,-166.3262482,-4.12398,-2.90294,1.22104,17.439
0.3,2,-1,0.3,-0.3,0.7872,steady,0.300968446,-0.302004036,-167.2637482,-4.2764,-2.9193,1.3571,17.398
0.3,2,-1,0.3,-0.3,0.8231,steady,0.300968446,-0.302307427,-171.4512482,-4.27855,-2.99239,1.28616,17.356
0.3,2,-1,0.3,-0.3,0.8567,steady,0.300968446,-0.280512753,-171.6387482,-4.12398,-2.99566,1.12832,16.154
0.3,2,-1,0.3,-0.3,0.8887,steady,0.322466192,-0.302004036,-172.1387482,-4.42887,-3.00439,1.42448,17.456
0.3,2,-1,0.3,-0.3,0.9208,steady,0.300968446,-0.301917465,-173.5762482,-4.27579,-3.02948,1.24631,18.272
0.3,2,-1,0.3,-0.3,0.9567,steady,0.322466192,-0.302004036,-178.3262482,-4.42887,-3.11238,1.31649,15.692
0.3,2,-1,0.3,-0.3,0.9887,steady,0.300968446,-0.302090657,-177.5137482,-4.27701,-3.0982,1.17882,16.405
0.3,2,-1,0.3,-0.3,1.0208,steady,0.300968446,-0.280432319,-177.3887482,-4.12341,-3.09602,1.02739,17.432
0.3,2,-1,0.3,-0.3,1.0528,steady,0.322466192,-0.302090657,-175.1387482,-4.42948,-3.05675,1.37273,18.098
0.3,2,-1,0.3,-0.3,1.0859,steady,0.300968446,-0.302004036,-174.5762482,-4.2764,-3.04693,1.22947,18.328
0.3,2,-1,0.3,-0.3,1.1189,steady,0.300968446,-0.302090657,-175.7012482,-4.27701,-3.06657,1.21045,18.34
0.3,2,-1,0.3,-0.3,1.1527,steady,0.300968446,-0.280593233,-174.3887482,-4.12455,-3.04366,1.08089,17.498
0.3,2,-1,0.3,-0.3,1.1887,steady,0.300968446,-0.302090657,-174.5762482,-4.27701,-3.04693,1.23008,14.752
0.3,2,-1,0.3,-0.3,1.2193,steady,0.300968446,-0.302004036,-173.8887482,-4.2764,-3.03493,1.24147,17.471
0.3,2,-1,0.3,-0.3,1.2539,steady,0.2794707,-0.302307427,-177.1387482,-4.12609,-3.09165,1.03443,18.661
0.3,2,-1,0.3,-0.3,1.2893,steady,0.30092545,-0.301226677,-174.4512482,-4.27058,-3.04475,1.22583,17.269
0.3,2,-1,0.3,-0.3,1.3222,steady,0.300968446,-0.302090657,-176.5762482,-4.27701,-3.08184,1.19518,16.93
0.3,2,-1,0.3,-0.3,1.3552,steady,0.300968446,-0.302524508,-175.2012482,-4.28009,-3.05784,1.22225,17.358
0.3,2,-1,0.3,-0.3,1.3887,steady,0.300968446,-0.302090657,-175.3887482,-4.27701,-3.06111,1.2159,16.937
0.3,2,-1,0.3,-0.3,1.4243,steady,0.300968446,-0.302264048,-169.5137482,-4.27824,-2.95857,1.31967,17.2
0.3,2,-1,0.3,-0.3,1.4589,steady,0.322466192,-0.302437638,-174.7012482,-4.43194,-3.04911,1.38283,18.342
0.3,2,-1,0.3,-0.3,1.4927,steady,0.300968446,-0.323668561,-176.7012482,-4.43005,-3.08402,1.34603,17.548
0.3,2,-1,0.3,-0.3,1.5249,steady,0.300968446,-0.302004036,-175.9512482,-4.2764,-3.07093,1.20547,18.238
0.3,2,-1,0.3,-0.3,1.558,steady,0.300968446,-0.301917465,-175.2637482,-4.27579,-3.05893,1.21686,18.326
0.3,2,-1,0.3,-0.3,1.5909,steady,0.322466192,-0.302004036,-172.2012482,-4.42887,-3.00548,1.42339,18.066
0.3,2,-1,0.3,-0.3,1.6247,steady,0.300968446,-0.302090657,-174.0137482,-4.27701,-3.03711,1.2399,17.519
0.3,2,-1,0.3,-0.3,1.6607,steady,0.300968446,-0.302004036,-174.6387482,-4.2764,-3.04802,1.22838,14.294
0.3,2,-1,0.3,-0.3,1.6913,steady,0.300968446,-0.302090657,-177.0762482,-4.27701,-3.09056,1.18645,17.025
0.3,2,-1,0.3,-0.3,1.7247,steady,0.300968446,-0.302004036,-174.5137482,-4.2764,-3.04584,1.23056,16.831
0.3,2,-1,0.3,-0.3,1.7608,steady,0.300968446,-0.302090657,-174.9512482,-4.27701,-3.05348,1.22354,17.763
0.3,2,-1,0.3,-0.3,1.7973,steady,0.300968446,-0.302090657,-173.9512482,-4.27701,-3.03602,1.24099,17.179
0.3,2,-1,0.3,-0.3,1.8327,steady,0.2794707,-0.301917465,-172.7637482,-4.12332,-3.0153,1.10802,18.755
0.3,2,-1,0.3,-0.3,1.869,steady,0.2794707,-0.301874198,-173.5762482,-4.12301,-3.02948,1.09354,17.713
0.3,2,-1,0.3,-0.3,1.905,steady,0.2794707,-0.302307427,-173.7012482,-4.12609,-3.03166,1.09443,18.492
0.3,2,-1,0.3,-0.3,1.9423,steady,0.300968446,-0.302133986,-175.5762482,-4.27732,-3.06438,1.21294,17.271
0.3,2,-1,0.3,-0.3,1.9783,steady,0.300968446,-0.302133986,-172.7012482,-4.27732,-3.01421,1.26312,17.273
0.3,3,1,-0.3,0.3,0.0208,ramp,0.0,0.0,0.736250043,0.0,0.01285,0.01285,18.579
0.3,3,1,-0.3,0.3,0.0574,ramp,-0.021497746,0.0,1.361250043,0.15247,0.02376,0.12871,17.361
0.3,3,1,-0.3,0.3,0.0948,ramp,-0.042995492,0.021580999,6.423749924,0.45799,0.11212,0.34587,16.665
0.3,3,1,-0.3,0.3,0.1294,ramp,-0.042995492,0.0,12.17374992,0.30493,0.21247,0.09246,17.454
0.3,3,1,-0.3,0.3,0.1654,ramp,-0.085990984,0.043174383,27.92374992,0.91607,0.48736,0.42871,18.067
0.3,3,1,-0.3,0.3,0.2027,ramp,-0.107488731,0.086361157,48.36125183,1.37482,0.84406,0.53076,17.184
0.3,3,1,-0.3,0.3,0.2375,ramp,-0.150419748,0.107781322,64.67375183,1.83121,1.12877,0.70244,18.334
0.3,3,1,-0.3,0.3,0.2747,ramp,-0.193479715,0.151066993,82.73625183,2.44359,1.44402,0.99957,16.739
0.3,3,1,-0.3,0.3,0.3108,ramp,-0.214977461,0.172647992,97.42375183,2.74912,1.70037,1.04875,17.462
0.3,3,1,-0.3,0.3,0.3467,ramp,-0.214977461,0.194340489,110.6737518,2.90296,1.93162,0.97134,17.025
0.3,3,1,-0.3,0.3,0.3827,ramp,-0.236475207,0.21580999,119.2987518,3.2077,2.08216,1.12554,16.93
0.3,3,1,-0.3,0.3,0.4187,ramp,-0.257972953,0.237390989,129.1112518,3.51322,2.25342,1.2598,16.738
0.3,3,1,-0.3,0.3,0.4534,ramp,-0.2579361,0.237527264,138.1112518,3.51392,2.4105,1.10343,18.492
0.3,3,1,-0.3,0.3,0.4928,ramp,-0.2794707,0.280673759,146.5487518,3.97266,2.55776,1.4149,14.929
0.3,3,1,-0.3,0.3,0.5224,steady,-0.2794707,0.258934849,151.0487518,3.81848,2.6363,1.18218,18.061
0.3,3,1,-0.3,0.3,0.5568,steady,-0.2794707,0.259195048,155.1737518,3.82032,2.70829,1.11203,16.891
0.3,3,1,-0.3,0.3,0.5898,steady,-0.300968446,0.280512753,160.5487518,4.12398,2.8021,1.32188,17.452
0.3,3,1,-0.3,0.3,0.6244,steady,-0.2794707,0.28063349,166.8612518,3.97237,2.91228,1.06009,18.16
0.3,3,1,-0.3,0.3,0.6588,steady,-0.300968446,0.280512753,167.9237518,4.12398,2.93082,1.19316,17.201
0.3,3,1,-0.3,0.3,0.6948,steady,-0.300968446,0.280552987,172.9862518,4.12427,3.01918,1.10509,16.668
0.3,3,1,-0.3,0.3,0.7308,steady,-0.300968446,0.280552987,175.0487518,4.12427,3.05518,1.06909,17.111
0.3,3,1,-0.3,0.3,0.7669,steady,-0.300968446,0.302307427,174.6737518,4.27855,3.04863,1.22992,16.858
0.3,3,1,-0.3,0.3,0.8029,steady,-0.300968446,0.280552987,176.1737518,4.12427,3.07481,1.04945,16.955
0.3,3,1,-0.3,0.3,0.8389,steady,-0.300968446,0.302133986,174.9237518,4.27732,3.053,1.22433,17.461
0.3,3,1,-0.3,0.3,0.8735,steady,-0.322466192,0.302307427,176.1737518,4.43102,3.07481,1.35621,18.232
0.3,3,1,-0.3,0.3,0.9109,steady,-0.300968446,0.302133986,173.2362518,4.27732,3.02354,1.25378,17.402
0.3,3,1,-0.3,0.3,0.9469,steady,-0.322466192,0.302133986,176.4237518,4.42979,3.07918,1.35061,17.111
0.3,3,1,-0.3,0.3,0.9829,steady,-0.322466192,0.302307427,175.8612518,4.43102,3.06936,1.36166,16.86
0.3,3,1,-0.3,0.3,1.0189,steady,-0.300968446,0.302133986,171.9237518,4.27732,3.00064,1.27669,17.112
0.3,3,1,-0.3,0.3,1.0549,steady,-0.300968446,0.302133986,174.3612518,4.27732,3.04318,1.23414,17.459
0.3,3,1,-0.3,0.3,1.0909,steady,-0.300968446,0.302307427,177.0487518,4.27855,3.09008,1.18847,17.201
0.3,3,1,-0.3,0.3,1.1269,steady,-0.300968446,0.302133986,177.7362518,4.27732,3.10208,1.17524,17.368
0.3,3,1,-0.3,0.3,1.1629,steady,-0.300968446,0.302133986,175.4237518,4.27732,3.06172,1.2156,16.953
0.3,3,1,-0.3,0.3,1.1988,steady,-0.300968446,0.302307427,173.4237518,4.27855,3.02682,1.25174,16.757
0.3,3,1,-0.3,0.3,1.244,steady,-0.295726883,0.300645539,175.2987518,4.22959,3.05954,1.17005,17.033
0.3,3,1,-0.3,0.3,1.2785,steady,-0.30092545,0.280996326,175.2362518,4.1271,3.05845,1.06866,18.188
0.3,3,1,-0.3,0.3,1.3128,steady,-0.300968446,0.302567962,175.6112518,4.2804,3.06499,1.21541,16.856
0.3,3,1,-0.3,0.3,1.3447,steady,-0.300968446,0.30204734,176.3612518,4.27671,3.07808,1.19862,17.662
0.3,3,1,-0.3,0.3,1.3775,steady,-0.300968446,0.301960744,174.6112518,4.27609,3.04754,1.22855,18.492
0.3,3,1,-0.3,0.3,1.4105,steady,-0.300968446,0.280311755,176.2987518,4.12255,3.07699,1.04556,18.314
0.3,3,1,-0.3,0.3,1.4448,steady,-0.300968446,0.301960744,176.7362518,4.27609,3.08463,1.19146,17.208
0.3,3,1,-0.3,0.3,1.4768,steady,-0.300968446,0.30204734,176.7987518,4.27671,3.08572,1.19099,17.814
0.3,3,1,-0.3,0.3,1.5096,steady,-0.300968446,0.301960744,178.2987518,4.27609,3.1119,1.16419,18.33
0.3,3,1,-0.3,0.3,1.5439,steady,-0.300968446,0.30204734,176.6112518,4.27671,3.08245,1.19426,17.185
0.3,3,1,-0.3,0.3,1.5767,steady,-0.2794707,0.301960744,179.9237518,4.12363,3.14026,0.98337,16.855
0.3,3,1,-0.3,0.3,1.6099,steady,-0.300968446,0.32362215,178.5487518,4.42972,3.11626,1.31346,16.734
0.3,3,1,-0.3,0.3,1.643,steady,-0.300968446,0.302090657,179.7987518,4.27701,3.13808,1.13893,17.199
0.3,3,1,-0.3,0.3,1.679,steady,-0.300968446,0.302090657,178.8612518,4.27701,3.12172,1.1553,16.953
0.3,3,1,-0.3,0.3,1.7136,steady,-0.2794707,0.302090657,175.4237518,4.12455,3.06172,1.06283,18.238
0.3,3,1,-0.3,0.3,1.7496,steady,-0.2794707,0.302264048,175.5487518,4.12578,3.0639,1.06187,18.331
0.3,3,1,-0.3,0.3,1.7856,steady,-0.2794707,0.302090657,177.1112518,4.12455,3.09117,1.03337,18.667
0.3,3,1,-0.3,0.3,1.8229,steady,-0.300968446,0.302090657,176.1112518,4.27701,3.07372,1.20329,16.739
0.3,3,1,-0.3,0.3,1.8589,steady,-0.300968446,0.302264048,175.8612518,4.27824,3.06936,1.20889,16.737
0.3,3,1,-0.3,0.3,1.8936,steady,-0.300968446,0.302090657,173.4237518,4.27701,3.02682,1.2502,17.975
0.3,3,1,-0.3,0.3,1.9309,steady,-0.300968446,0.302090657,172.7362518,4.27701,3.01482,1.2622,17.025
0.3,3,1,-0.3,0.3,1.9656,steady,-0.300968446,0.302264048,172.7362518,4.27824,3.01482,1.26343,18.044
0.3,4,-1,0.3,-0.3,0.0209,ramp,0.0,0.0,-0.326249987,0.0,-0.00569,0.00569,17.493
0.3,4,-1,0.3,-0.3,0.0529,ramp,0.0,0.0,-0.013749987,0.0,-0.00024,0.00024,17.95
0.3,4,-1,0.3,-0.3,0.0856,ramp,0.0,0.0,-0.826249957,0.0,-0.01442,0.01442,18.042
0.3,4,-1,0.3,-0.3,0.12,ramp,0.042995492,0.0,-4.951250076,-0.30493,-0.08642,0.21852,17.732
0.3,4,-1,0.3,-0.3,0.153,ramp,0.042995492,0.0,-7.451250076,-0.30493,-0.13005,0.17488,17.247
0.3,4,-1,0.3,-0.3,0.186,ramp,0.064493238,0.0,-8.451250076,-0.4574,-0.1475,0.3099,17.453
0.3,4,-1,0.3,-0.3,0.219,ramp,0.107488731,-0.043137249,-30.38875008,-1.06827,-0.53038,0.53789,18.063
0.3,4,-1,0.3,-0.3,0.2529,ramp,0.107488731,-0.08629924,-55.26374817,-1.37438,-0.96453,0.40985,17.163
0.3,4,-1,0.3,-0.3,0.2863,ramp,0.150484223,-0.086274498,-59.88874817,-1.67914,-1.04526,0.63388,17.357
0.3,4,-1,0.3,-0.3,0.318,ramp,0.171981969,-0.12944886,-76.88874817,-2.13781,-1.34196,0.79585,18.237
0.3,4,-1,0.3,-0.3,0.351,ramp,0.214977461,-0.150980372,-89.57624817,-2.59545,-1.5634,1.03205,18.165
0.3,4,-1,0.3,-0.3,0.385,ramp,0.193479715,-0.17259848,-100.4512482,-2.5963,-1.75321,0.84309,17.016
0.3,4,-1,0.3,-0.3,0.418,ramp,0.21494675,-0.172871148,-109.9512482,-2.75048,-1.91901,0.83147,17.977
0.3,4,-1,0.3,-0.3,0.4528,ramp,0.236475207,-0.19417329,-123.1387482,-3.05424,-2.14918,0.90507,16.529
0.3,4,-1,0.3,-0.3,0.4848,ramp,0.257972953,-0.23725487,-130.7012482,-3.51225,-2.28117,1.23109,17.535
0.3,4,-1,0.3,-0.3,0.517,steady,0.2794707,-0.23718687,-138.9512482,-3.66424,-2.42516,1.23908,18.049
0.3,4,-1,0.3,-0.3,0.55,steady,0.2794707,-0.23725487,-143.5762482,-3.66472,-2.50588,1.15884,18.238
0.3,4,-1,0.3,-0.3,0.583,steady,0.2794707,-0.25889772,-152.6387482,-3.81822,-2.66405,1.15417,18.253
0.3,4,-1,0.3,-0.3,0.6168,steady,0.2794707,-0.258823495,-158.5762482,-3.81769,-2.76768,1.05001,17.275
0.3,4,-1,0.3,-0.3,0.649,steady,0.2794707,-0.25889772,-160.5762482,-3.81822,-2.80258,1.01563,18.344
0.3,4,-1,0.3,-0.3,0.682,steady,0.2794707,-0.28039212,-163.5137482,-3.97066,-2.85385,1.11681,18.335
0.3,4,-1,0.3,-0.3,0.7168,steady,0.2794707,-0.28047253,-163.4512482,-3.97123,-2.85276,1.11847,16.461
0.3,4,-1,0.3,-0.3,0.7488,steady,0.2794707,-0.280754331,-165.8262482,-3.97323,-2.89421,1.07901,17.734
0.3,4,-1,0.3,-0.3,0.781,steady,0.2794707,-0.30204734,-166.5137482,-4.12424,-2.90621,1.21803,18.335
0.3,4,-1,0.3,-0.3,0.8153,steady,0.300968446,-0.28039212,-169.8887482,-4.12312,-2.96512,1.15801,17.184
0.3,4,-1,0.3,-0.3,0.849,steady,0.300968446,-0.280311755,-169.2637482,-4.12255,-2.95421,1.16834,16.565
0.3,4,-1,0.3,-0.3,0.8808,steady,0.300968446,-0.301960744,-170.3887482,-4.27609,-2.97384,1.30225,17.403
0.3,4,-1,0.3,-0.3,0.9131,steady,0.300968446,-0.30204734,-172.7012482,-4.27671,-3.01421,1.2625,18.302
0.3,4,-1,0.3,-0.3,0.9461,steady,0.300968446,-0.301960744,-171.3262482,-4.27609,-2.99021,1.28589,18.044
0.3,4,-1,0.3,-0.3,0.9791,steady,0.300968446,-0.30204734,-175.5762482,-4.27671,-3.06438,1.21232,18.498
0.3,4,-1,0.3,-0.3,1.0168,steady,0.300968446,-0.301960744,-178.1387482,-4.27609,-3.10911,1.16699,17.563
0.3,4,-1,0.3,-0.3,1.0521,steady,0.300968446,-0.301917465,-179.0137482,-4.27579,-3.12438,1.15141,18.507
0.3,4,-1,0.3,-0.3,1.0851,steady,0.322466192,-0.323575753,-175.7012482,-4.58186,-3.06657,1.51529,18.16
0.3,4,-1,0.3,-0.3,1.1181,steady,0.300968446,-0.301960744,-175.8262482,-4.27609,-3.06875,1.20735,18.334
0.3,4,-1,0.3,-0.3,1.1529,steady,0.300968446,-0.30204734,-174.2637482,-4.27671,-3.04148,1.23523,16.341
0.3,4,-1,0.3,-0.3,1.1848,steady,0.300968446,-0.302090657,-175.2637482,-4.27701,-3.05893,1.21809,17.613
0.3,4,-1,0.3,-0.3,1.2194,steady,0.30092545,-0.301264373,-176.2637482,-4.27085,-3.07638,1.19447,17.545
0.3,4,-1,0.3,-0.3,1.2556,steady,0.295551781,-0.300893212,-174.7012482,-4.23011,-3.04911,1.18099,16.67
0.3,4,-1,0.3,-0.3,1.2915,steady,0.300968446,-0.302611428,-175.1387482,-4.28071,-3.05675,1.22396,16.733
0.3,4,-1,0.3,-0.3,1.3275,steady,0.300968446,-0.323668561,-177.1387482,-4.43005,-3.09165,1.3384,16.95
0.3,4,-1,0.3,-0.3,1.3635,steady,0.300968446,-0.323668561,-173.9512482,-4.43005,-3.03602,1.39403,17.478
0.3,4,-1,0.3,-0.3,1.3995,steady,0.300968446,-0.302264048,-176.9512482,-4.27824,-3.08838,1.18986,17.381
0.3,4,-1,0.3,-0.3,1.4354,steady,0.300968446,-0.302090657,-171.7012482,-4.27701,-2.99675,1.28026,17.183
0.3,4,-1,0.3,-0.3,1.4689,steady,0.300968446,-0.30204734,-173.1387482,-4.27671,-3.02184,1.25487,16.846
0.3,4,-1,0.3,-0.3,1.5044,steady,0.300968446,-0.302350818,-175.3262482,-4.27886,-3.06002,1.21884,17.524
0.3,4,-1,0.3,-0.3,1.5406,steady,0.306299119,-0.300893212,-175.4512482,-4.30633,-3.0622,1.24413,17.288
0.3,4,-1,0.3,-0.3,1.5765,steady,0.300968446,-0.302090657,-176.2637482,-4.27701,-3.07638,1.20063,17.189
0.3,4,-1,0.3,-0.3,1.6088,steady,0.300968446,-0.302220682,-175.7012482,-4.27794,-3.06657,1.21137,17.479
0.3,4,-1,0.3,-0.3,1.6411,steady,0.300968446,-0.30204734,-172.8262482,-4.27671,-3.01639,1.26032,18.064
0.3,4,-1,0.3,-0.3,1.6741,steady,0.300968446,-0.301960744,-172.2637482,-4.27609,-3.00657,1.26952,17.897
0.3,4,-1,0.3,-0.3,1.7072,steady,0.300968446,-0.301874198,-175.1387482,-4.27548,-3.05675,1.21873,18.338
0.3,4,-1,0.3,-0.3,1.7408,steady,0.300968446,-0.301960744,-176.3262482,-4.27609,-3.07747,1.19862,17.493
0.3,4,-1,0.3,-0.3,1.7732,steady,0.300968446,-0.30204734,-175.5137482,-4.27671,-3.06329,1.21341,18.246
0.3,4,-1,0.3,-0.3,1.8075,steady,0.300968446,-0.301960744,-175.0137482,-4.27609,-3.05457,1.22153,16.737
0.3,4,-1,0.3,-0.3,1.8392,steady,0.300968446,-0.30204734,-173.7637482,-4.27671,-3.03275,1.24396,18.501
0.3,4,-1,0.3,-0.3,1.8735,steady,0.300968446,-0.301960744,-176.7012482,-4.27609,-3.08402,1.19207,17.277
0.3,4,-1,0.3,-0.3,1.9052,steady,0.2794707,-0.28047253,-174.6387482,-3.97123,-3.04802,0.92321,18.334
0.3,4,-1,0.3,-0.3,1.9395,steady,0.300968446,-0.323668561,-177.3887482,-4.43005,-3.09602,1.33403,17.188
0.3,4,-1,0.3,-0.3,1.9808,steady,0.322466192,-0.30204734,-176.0762482,-4.42917,-3.07311,1.35606,12.671
0.3,5,1,-0.3,0.3,0.022,ramp,0.0,0.0,-0.951249957,0.0,-0.0166,0.0166,18.034
0.3,5,1,-0.3,0.3,0.055,ramp,0.0,0.0,0.861250043,0.0,0.01503,0.01503,17.905
0.3,5,1,-0.3,0.3,0.0907,ramp,-0.042995492,0.021562443,6.048749924,0.45786,0.10557,0.35229,17.079
0.3,5,1,-0.3,0.3,0.1224,ramp,-0.042995492,0.02157481,6.173749924,0.45795,0.10775,0.35019,18.348
0.3,5,1,-0.3,0.3,0.1567,ramp,-0.064493238,0.021568625,16.23624992,0.61037,0.28338,0.32699,16.823
0.3,5,1,-0.3,0.3,0.1887,ramp,-0.085990984,0.04314962,30.11124992,0.91589,0.52554,0.39035,17.901
0.3,5,1,-0.3,0.3,0.2214,ramp,-0.107488731,0.0646966,47.98625183,1.22117,0.83752,0.38365,18.067
0.3,5,1,-0.3,0.3,0.2544,ramp,-0.150484223,0.08629924,62.73625183,1.67932,1.09495,0.58436,18.055
0.3,5,1,-0.3,0.3,0.2888,ramp,-0.150484223,0.10788952,71.98625183,1.83244,1.2564,0.57604,16.675
0.3,5,1,-0.3,0.3,0.3217,ramp,-0.193479715,0.15102367,86.67375183,2.44329,1.51274,0.93054,16.917
0.3,5,1,-0.3,0.3,0.3548,ramp,-0.214977461,0.172548997,97.29875183,2.74841,1.69818,1.05023,17.195
0.3,5,1,-0.3,0.3,0.3908,ramp,-0.21494675,0.172871148,106.6737518,2.75048,1.86181,0.88867,17.183
0.3,5,1,-0.3,0.3,0.4268,ramp,-0.257972953,0.215840948,115.0487518,3.36038,2.00798,1.3524,17.026
0.3,5,1,-0.3,0.3,0.4629,ramp,-0.257972953,0.215779041,127.4862518,3.35994,2.22505,1.13489,17.373
0.3,5,1,-0.3,0.3,0.4988,ramp,-0.257972953,0.25908347,135.6737518,3.66707,2.36795,1.29911,17.446
0.3,5,1,-0.3,0.3,0.5335,steady,-0.257972953,0.258934849,146.0487518,3.66601,2.54903,1.11698,18.487
0.3,5,1,-0.3,0.3,0.5708,steady,-0.257972953,0.280512753,149.8612518,3.81905,2.61557,1.20348,17.358
0.3,5,1,-0.3,0.3,0.6055,steady,-0.2794707,0.280673759,155.6737518,3.97266,2.71702,1.25564,18.045
0.3,5,1,-0.3,0.3,0.6429,steady,-0.300968446,0.280512753,161.7987518,4.12398,2.82392,1.30006,17.464
0.3,5,1,-0.3,0.3,0.6788,steady,-0.300968446,0.302090657,166.3612518,4.27701,2.90355,1.37346,16.666
0.3,5,1,-0.3,0.3,0.7118,steady,-0.300968446,0.302177328,167.7987518,4.27763,2.92864,1.34899,17.385
0.3,5,1,-0.3,0.3,0.7478,steady,-0.300968446,0.302090657,170.6112518,4.27701,2.97773,1.29929,16.984
0.3,5,1,-0.3,0.3,0.7808,steady,-0.300968446,0.30204734,173.7987518,4.27671,3.03336,1.24335,16.797
0.3,5,1,-0.3,0.3,0.8139,steady,-0.300968446,0.280512753,171.9862518,4.12398,3.00173,1.12225,16.943
0.3,5,1,-0.3,0.3,0.8498,steady,-0.300968446,0.302090657,174.9862518,4.27701,3.05409,1.22293,17.264
0.3,5,1,-0.3,0.3,0.8829,steady,-0.300968446,0.302004036,174.9862518,4.2764,3.05409,1.22231,17.198
0.3,5,1,-0.3,0.3,0.9188,steady,-0.322466192,0.302350818,175.1737518,4.43133,3.05736,1.37397,16.74
0.3,5,1,-0.3,0.3,0.9549,steady,-0.300968446,0.302090657,171.3612518,4.27701,2.99082,1.2862,17.463
0.3,5,1,-0.3,0.3,0.9908,steady,-0.300968446,0.302090657,171.9237518,4.27701,3.00064,1.27638,17.182
0.3,5,1,-0.3,0.3,1.0238,steady,-0.300968446,0.302220682,174.9237518,4.27794,3.053,1.22494,16.74
0.3,5,1,-0.3,0.3,1.0567,steady,-0.300968446,0.30204734,175.4862518,4.27671,3.06281,1.21389,16.97
0.3,5,1,-0.3,0.3,1.0899,steady,-0.300968446,0.301960744,174.0487518,4.27609,3.03772,1.23837,17.19
0.3,5,1,-0.3,0.3,1.1259,steady,-0.300968446,0.302264048,173.7362518,4.27824,3.03227,1.24598,16.661
0.3,5,1,-0.3,0.3,1.1619,steady,-0.300968446,0.302090657,174.9237518,4.27701,3.053,1.22402,17.258
0.3,5,1,-0.3,0.3,1.1958,steady,-0.279430775,0.302220682,176.7987518,4.12519,3.08572,1.03947,17.194
0.3,5,1,-0.3,0.3,1.2288,steady,-0.300968446,0.280754331,176.3612518,4.12569,3.07808,1.04761,17.285
0.3,5,1,-0.3,0.3,1.2608,steady,-0.300968446,0.30204734,175.4237518,4.27671,3.06172,1.21499,17.882
0.3,5,1,-0.3,0.3,1.2935,steady,-0.300968446,0.301960744,176.5487518,4.27609,3.08136,1.19474,18.244
0.3,5,1,-0.3,0.3,1.3266,steady,-0.300968446,0.301874198,174.0487518,4.27548,3.03772,1.23776,18.249
0.3,5,1,-0.3,0.3,1.3607,steady,-0.300968446,0.301960744,174.7362518,4.27609,3.04972,1.22637,16.773
0.3,5,1,-0.3,0.3,1.3928,steady,-0.300968446,0.30204734,172.6112518,4.27671,3.01263,1.26407,17.829
0.3,5,1,-0.3,0.3,1.4255,steady,-0.300968446,0.301960744,172.4237518,4.27609,3.00936,1.26673,18.048
0.3,5,1,-0.3,0.3,1.4585,steady,-0.300968446,0.30204734,174.1112518,4.27671,3.03881,1.23789,18.179
0.3,5,1,-0.3,0.3,1.4929,steady,-0.300968446,0.28039212,172.6737518,4.12312,3.01373,1.1094,17.018
0.3,5,1,-0.3,0.3,1.5259,steady,-0.300968446,0.30204734,173.1737518,4.27671,3.02245,1.25426,17.264
0.3,5,1,-0.3,0.3,1.5576,steady,-0.300968446,0.302090657,173.4237518,4.27701,3.02682,1.2502,18.754
0.3,5,1,-0.3,0.3,1.5928,steady,-0.2794707,0.30204734,175.2362518,4.12424,3.05845,1.06579,16.057
0.3,5,1,-0.3,0.3,1.625,steady,-0.300968446,0.301960744,175.0487518,4.27609,3.05518,1.22092,17.194
0.3,5,1,-0.3,0.3,1.6609,steady,-0.300968446,0.302264048,175.9237518,4.27824,3.07045,1.2078,17.435
0.3,5,1,-0.3,0.3,1.6928,steady,-0.2794707,0.30204734,175.7362518,4.12424,3.06718,1.05707,17.972
0.3,5,1,-0.3,0.3,1.7269,steady,-0.300968446,0.301960744,178.1112518,4.27609,3.10863,1.16747,16.738
0.3,5,1,-0.3,0.3,1.7599,steady,-0.300968446,0.301874198,178.1737518,4.27548,3.10972,1.16576,16.938
0.3,5,1,-0.3,0.3,1.7929,steady,-0.300968446,0.301960744,177.2987518,4.27609,3.09445,1.18165,16.761
0.3,5,1,-0.3,0.3,1.8248,steady,-0.2794707,0.30204734,176.1737518,4.12424,3.07481,1.04943,17.219
0.3,5,1,-0.3,0.3,1.8576,steady,-0.300968446,0.301960744,176.2987518,4.27609,3.07699,1.1991,17.976
0.3,5,1,-0.3,0.3,1.8906,steady,-0.300968446,0.28047253,177.4862518,4.12369,3.09772,1.02598,17.613
0.3,5,1,-0.3,0.3,1.9237,steady,-0.300968446,0.28039212,179.2362518,4.12312,3.12826,0.99486,18.083
0.3,5,1,-0.3,0.3,1.9567,steady,-0.300968446,0.30204734,178.6112518,4.27671,3.11735,1.15935,18.09
0.3,5,1,-0.3,0.3,1.9928,steady,-0.300968446,0.301874198,175.7987518,4.27548,3.06827,1.20721,15.93
