cycle,ok,send_gap_ms,lat_1001_ms,lat_1002_ms,delta_ms,wire_1002_ms,bytes_1001,bytes_1002,L,R,gz
1,1,7.179,15.584,25.0,16.594,17.361,100,200,0,0,-0.513749957
2,1,4.789,15.219,26.858,16.428,17.274,99,199,0,0,-0.201249987
3,1,6.939,15.411,24.898,16.426,17.274,99,199,0,0,0.048750013
4,1,4.906,15.391,27.001,16.516,17.361,99,200,0,0,-0.388749987
5,1,6.821,15.356,24.616,16.082,17.014,98,196,0,0,-0.576249957
6,1,5.209,15.783,27.177,16.603,17.361,100,200,0,0,0.173750013
7,1,6.683,15.281,25.201,16.603,17.361,100,200,0,0,0.173750013
8,1,4.653,15.282,26.884,16.255,17.101,99,197,0,0,-0.138749987
9,1,6.999,15.693,25.279,16.585,17.361,100,200,0,0,-0.138749987
10,1,4.257,15.054,26.957,16.159,17.101,98,197,0,0,-0.576249957
11,1,6.664,15.545,25.429,16.548,17.361,100,200,0,0,-0.076249987
12,1,8.177,16.261,22.995,14.911,17.101,98,197,0,0,-0.388749987
13,1,6.673,15.559,25.401,16.515,17.274,100,199,0,0,-0.201249987
14,1,8.166,16.271,23.082,14.977,17.101,98,197,0,0,-0.013749987
15,1,6.48,15.407,25.315,16.387,17.274,99,199,0,0,-0.138749987
16,1,4.281,15.281,27.212,16.212,17.101,99,197,0,0,-0.076249987
17,1,6.402,18.34,28.206,16.267,17.188,97,198,0,0,-0.263749987
18,1,5.42,18.49,29.747,16.678,17.448,100,201,0,0,-0.263749987
19,1,7.877,16.604,26.258,17.531,17.274,96,199,0,0,-0.263749987
20,1,7.375,15.507,24.533,16.4,17.274,99,199,0,0,-0.388749987
21,1,5.103,15.126,25.924,15.9,16.753,99,193,0,0,-0.388749987
22,1,11.582,19.722,21.476,13.337,17.361,108,200,0,0,-0.388749987
23,1,8.179,16.29,22.746,14.635,17.274,100,199,0,0,-0.513749957
24,1,6.809,15.034,24.403,16.178,17.101,98,197,0,0,-0.076249987
25,1,5.15,15.386,26.402,16.167,17.101,98,197,0,0,-0.201249987
26,1,7.296,15.583,24.58,16.293,17.188,98,198,0,0,-16.13875008
27,1,5.057,15.433,27.237,16.861,16.927,108,195,0,0,-0.576249957
28,1,6.393,14.749,24.67,16.314,17.274,98,199,0,0,-0.263749987
29,1,4.951,15.354,26.916,16.512,17.274,100,199,0,0,-0.201249987
30,1,6.794,15.218,24.775,16.35,17.274,98,199,0,0,-0.326249987
31,1,4.917,15.396,27.08,16.601,17.448,99,201,0,0,-0.013749987
32,1,6.59,15.139,26.356,17.808,17.969,107,207,0,0,-0.201249987
33,1,7.326,15.442,23.647,15.531,17.188,108,198,0,0,-0.263749987
34,1,5.902,14.471,24.997,16.428,17.274,99,199,0,0,-0.263749987
35,1,4.663,15.19,27.907,17.379,18.229,99,210,0,0,-0.326249987
36,1,5.659,14.284,25.05,16.425,17.361,98,200,0,0,-0.451249987
37,1,4.566,15.227,28.06,17.399,17.448,108,201,0,0,-0.451249987
38,1,5.623,14.219,24.554,15.958,16.927,97,195,0,0,-0.326249987
39,1,5.108,15.8,27.47,16.777,17.622,99,203,0,0,-0.826249957
40,1,6.11,14.846,25.238,16.503,17.361,99,200,0,0,-0.138749987
41,1,8.275,16.413,22.931,14.792,17.014,99,196,0,0,-0.201249987
42,1,6.73,15.526,26.688,17.891,17.882,109,206,0,0,-0.576249957
43,1,6.97,15.083,22.868,14.755,17.014,98,196,0,0,-0.388749987
44,1,6.781,15.55,25.084,16.315,17.274,97,199,0,0,-0.263749987
45,1,4.613,15.416,27.135,16.332,17.274,97,199,0,0,0.173750013
46,1,6.476,15.397,25.495,16.575,17.448,99,201,0,0,-0.263749987
47,1,8.127,16.219,23.897,15.805,17.969,98,207,0,0,-0.201249987
48,1,5.663,14.627,25.122,16.158,17.101,98,197,0,0,-0.201249987
49,1,4.587,15.58,27.684,16.69,17.448,100,201,0,0,-0.388749987
50,1,5.955,18.046,28.649,16.558,17.361,100,200,0,0,-0.326249987
51,1,5.019,18.006,29.289,16.301,17.274,97,199,0,0,-0.201249987
52,1,4.353,18.431,30.597,16.52,17.274,100,199,0,0,-0.638749957
53,1,7.039,18.164,27.29,16.164,17.101,98,197,0,0,-0.201249987
54,1,6.375,18.538,28.325,16.162,17.101,98,197,0,0,-0.638749957
55,1,5.352,13.446,22.185,14.091,16.84,99,194,0,0,-0.076249987
56,1,7.493,15.7,24.643,16.436,17.274,99,199,0,0,-0.326249987
57,1,5.034,15.26,26.488,16.262,17.188,98,198,0,0,15.67374992
58,1,7.149,15.355,25.446,17.24,17.969,100,207,0,0,-0.263749987
59,1,4.219,14.478,26.771,16.511,17.448,98,201,0,0,-0.201249987
60,1,6.788,15.13,24.749,16.408,17.361,98,200,0,0,-0.513749957
61,1,4.762,15.073,26.89,16.579,17.361,100,200,0,0,-0.076249987
62,1,6.749,15.08,25.79,17.459,17.448,109,201,0,0,-0.576249957
63,1,7.859,15.984,22.879,14.754,17.448,98,201,0,0,-0.513749957
64,1,6.758,15.193,25.798,17.363,17.361,109,200,0,0,-0.201249987
65,1,7.815,15.932,22.859,14.741,17.448,97,201,0,0,-0.513749957
66,1,6.801,15.271,26.277,17.807,17.882,108,206,0,0,-0.201249987
67,1,7.369,15.478,23.757,15.648,17.361,108,200,0,0,-0.451249987
68,1,5.85,14.355,25.965,17.46,18.229,100,210,0,0,-0.388749987
69,1,7.693,15.785,23.816,15.724,18.142,99,209,0,0,-0.513749957
70,1,5.822,14.398,24.974,16.398,17.274,99,199,0,0,-0.388749987
71,1,4.654,15.225,27.689,17.118,17.969,99,207,0,0,-0.201249987
72,1,5.984,30.673,42.839,18.15,18.142,109,209,0,0,0.236250013
73,1,6.753,16.405,26.076,16.423,17.188,100,198,0,0,-0.388749987
74,1,7.595,15.685,24.854,16.763,18.056,99,208,0,0,-0.576249957
75,1,4.84,14.558,26.314,16.595,17.448,99,201,0,0,-0.326249987
76,1,7.358,15.469,24.651,16.541,17.882,99,206,0,0,-0.013749987
77,1,4.96,14.688,25.976,16.247,17.188,98,198,0,0,-0.076249987
78,1,7.609,15.705,23.65,15.553,17.014,96,196,0,0,-0.451249987
79,1,6.02,15.818,27.172,17.374,18.142,100,209,0,0,-0.263749987
80,1,6.517,14.604,25.023,16.936,17.274,108,199,0,0,-0.326249987
81,1,4.504,14.349,26.442,16.596,17.361,100,200,0,0,-0.326249987
82,1,7.178,15.322,24.719,16.574,17.101,106,197,0,0,0.048750013
83,1,4.903,14.798,27.272,17.378,17.361,109,200,0,0,-0.076249987
84,1,6.304,14.493,25.851,17.662,18.056,108,208,0,0,-0.263749987
85,1,7.791,15.898,23.394,15.287,18.229,100,210,0,0,-0.201249987
86,1,6.323,14.402,25.245,17.166,17.361,108,200,0,0,-0.076249987
87,1,4.463,14.419,26.466,16.511,17.361,99,200,0,0,-0.201249987
88,1,7.107,15.236,24.672,16.542,17.101,107,197,0,0,-0.513749957
89,1,5.008,14.995,27.91,17.922,18.056,107,208,0,0,-0.263749987
90,1,5.727,13.819,24.304,16.212,17.101,99,197,0,0,-0.263749987
91,1,5.359,15.419,27.264,17.204,18.142,98,209,0,0,-0.388749987
92,1,6.392,14.485,26.269,18.177,18.142,109,209,0,0,-0.388749987
93,1,7.406,15.502,24.131,16.035,18.056,108,208,0,0,-0.076249987
94,1,5.501,13.675,25.862,17.688,17.969,106,207,0,0,-0.138749987
95,1,7.761,15.864,23.543,15.44,17.448,108,201,0,0,-0.388749987
96,1,6.136,14.305,26.54,18.371,18.403,109,212,0,0,-0.263749987
97,1,7.025,15.195,24.291,16.12,18.316,109,211,0,0,-0.451249987
98,1,5.252,13.437,26.306,18.121,18.142,108,209,0,0,-0.076249987
99,1,11.326,19.474,25.514,17.365,17.622,106,203,0,0,-0.076249987
100,1,8.065,16.187,24.986,16.865,17.882,107,206,0,0,-0.388749987
101,1,8.545,16.674,22.048,13.919,17.014,106,196,0,0,0.048750013
102,1,7.539,15.657,25.337,17.219,17.969,109,207,0,0,0.048750013
103,1,8.291,16.435,23.37,15.226,18.056,109,208,0,0,-0.576249957
104,1,6.209,14.318,24.312,16.203,17.969,98,207,0,0,-0.138749987
105,1,5.33,14.744,26.473,17.059,17.969,99,207,0,0,-0.076249987
106,1,7.143,15.287,24.525,16.382,17.969,99,207,0,0,-0.013749987
107,1,5.097,17.216,26.686,14.566,17.274,109,199,0,0,-0.638749957
108,1,6.931,15.085,25.597,17.443,18.142,109,209,0,0,-0.451249987
109,1,7.996,16.077,22.744,14.664,18.142,99,209,0,0,-0.263749987
110,1,6.955,15.046,23.803,15.713,17.361,97,200,0,0,-0.451249987
111,1,5.869,15.402,27.168,17.634,17.795,107,205,0,0,-0.701249957
112,1,6.384,14.532,25.643,17.495,18.229,108,210,0,0,-0.451249987
113,1,8.021,20.142,22.907,10.786,17.361,109,200,0,0,-0.263749987
114,1,6.72,14.815,25.674,17.58,18.056,109,208,0,0,0.111250013
115,1,7.989,16.069,22.693,14.613,18.056,98,208,0,0,-0.201249987
116,1,7.024,15.121,25.516,17.419,17.969,108,207,0,0,-0.263749987
117,1,8.156,16.256,22.905,14.804,18.142,99,209,0,0,-0.076249987
118,1,6.777,14.893,25.64,17.524,18.056,108,208,0,0,-0.263749987
119,1,7.915,16.049,23.221,15.087,17.535,109,202,0,0,-0.263749987
120,1,6.425,14.563,24.996,16.859,18.056,100,208,0,0,-0.201249987
121,1,4.475,14.167,26.802,17.109,18.056,98,208,0,0,-0.138749987
122,1,6.867,14.954,25.684,17.598,18.142,107,209,0,0,-0.263749987
123,1,8.006,16.091,23.464,15.378,17.708,109,204,0,0,-0.451249987
124,1,6.18,14.283,25.833,17.73,18.056,109,208,0,0,-0.451249987
125,1,7.706,15.83,24.076,15.952,18.316,108,211,0,0,-0.263749987
126,1,5.535,13.631,25.189,17.094,18.316,98,211,0,0,-0.701249957
127,1,4.485,14.327,26.513,16.671,17.101,107,197,0,0,-0.138749987
128,1,6.934,15.029,24.949,16.855,17.969,99,207,0,0,-0.076249987
129,1,4.76,14.653,27.617,17.724,17.969,106,207,0,0,-0.138749987
130,1,6.053,14.144,26.051,17.96,18.056,109,208,0,0,0.048750013
131,1,7.457,15.586,23.293,15.163,18.142,100,209,0,0,-0.451249987
132,1,6.328,14.503,25.955,17.78,18.056,109,208,0,0,-0.013749987
133,1,7.685,15.81,23.918,15.793,18.056,108,208,0,0,-0.388749987
134,1,5.654,13.788,26.043,17.908,18.056,109,208,0,0,-0.201249987
135,1,7.612,15.702,23.272,15.181,17.361,108,200,0,0,-0.326249987
136,1,6.352,14.506,25.705,17.551,17.882,107,206,0,0,0.236250013
137,1,7.905,16.025,23.882,15.761,17.969,108,207,0,0,-0.763749957
138,1,5.749,13.864,26.113,17.999,18.056,109,208,0,0,-0.451249987
139,1,7.423,15.526,24.251,16.148,18.229,108,210,0,0,-0.638749957
140,1,5.421,13.518,25.698,17.601,17.882,106,206,0,0,0.048750013
141,1,7.87,15.996,23.996,15.871,18.056,107,208,0,0,-0.326249987
142,1,5.679,13.757,25.931,17.852,17.882,108,206,0,0,0.861250043
143,1,7.734,15.93,23.324,15.128,18.056,99,208,0,0,-0.513749957
144,1,6.273,14.383,25.324,17.214,18.142,98,209,0,0,-0.263749987
145,1,8.215,16.331,22.654,14.538,17.361,99,200,0,0,-0.013749987
146,1,7.047,15.21,25.966,17.802,17.969,107,207,0,0,-0.201249987
147,1,7.684,15.776,23.546,15.454,18.142,100,209,0,0,-0.451249987
148,1,6.11,14.286,25.655,17.479,17.448,109,201,0,0,-0.138749987
149,1,7.992,16.117,24.3,16.175,18.056,109,208,0,0,-0.263749987
150,1,5.351,13.558,26.417,18.211,18.142,109,209,0,0,-0.263749987
151,1,7.253,15.35,24.015,15.918,17.882,107,206,0,0,-0.263749987
152,1,5.701,13.878,25.526,17.349,17.361,108,200,0,0,-0.451249987
153,1,8.116,16.207,24.15,16.059,18.056,106,208,0,0,-0.576249957
154,1,5.52,13.834,26.38,18.065,18.142,108,209,0,0,-0.388749987
155,1,7.309,15.453,24.335,16.192,18.056,108,208,0,0,-0.013749987
156,1,5.287,13.641,26.414,18.06,18.056,109,208,0,0,-0.263749987
157,1,7.13,15.254,24.524,16.4,18.142,109,209,0,0,-0.201249987
158,1,5.142,13.519,26.378,18.002,18.056,108,208,0,0,-0.138749987
159,1,7.279,15.371,24.558,16.466,18.142,109,209,0,0,-0.263749987
160,1,5.124,13.554,25.707,17.278,18.142,99,209,0,0,-0.263749987
161,1,7.725,15.838,24.064,15.951,17.795,107,205,0,0,-0.201249987
162,1,5.665,14.066,26.114,17.713,17.969,106,207,0,0,-0.638749957
163,1,7.457,15.598,24.443,16.303,18.142,107,209,0,0,-0.576249957
164,1,5.234,13.713,26.528,18.049,18.316,109,211,0,0,-0.138749987
165,1,7.145,15.23,24.762,16.677,18.316,108,211,0,0,-0.076249987
166,1,4.89,13.431,26.255,17.713,17.795,108,205,0,0,-0.451249987
167,1,7.41,15.539,24.127,15.998,17.795,107,205,0,0,0.298750013
168,1,5.492,14.043,26.617,18.066,18.056,109,208,0,0,-0.451249987
169,1,7.043,15.181,24.459,16.322,17.969,108,207,0,0,-0.513749957
170,1,5.006,13.574,26.197,17.629,17.882,106,206,0,0,-0.826249957
171,1,7.406,15.501,24.575,16.48,17.969,109,207,0,0,-0.388749987
172,1,5.118,13.713,26.486,17.89,17.969,108,207,0,0,-0.263749987
173,1,7.228,15.43,24.623,16.421,18.056,108,208,0,0,-0.326249987
174,1,4.978,13.614,26.522,17.886,18.056,107,208,0,0,-0.513749957
175,1,7.137,15.229,24.372,16.28,17.795,108,205,0,0,-0.138749987
176,1,5.317,13.997,26.4,17.72,17.882,107,206,0,0,0.111250013
177,1,7.316,15.417,24.606,16.505,17.969,108,207,0,0,-0.138749987
178,1,5.07,13.781,26.865,18.155,18.142,109,209,0,0,-0.201249987
179,1,10.771,18.963,26.426,18.234,18.142,106,209,0,0,-0.638749957
180,1,7.209,19.362,25.62,13.468,18.056,107,208,0,0,-0.201249987
181,1,7.804,15.957,23.564,15.411,17.969,107,207,0,0,-0.138749987
182,1,10.027,18.14,21.423,13.31,17.882,107,206,0,0,-0.826249957
183,1,4.191,13.946,27.654,17.899,17.969,108,207,0,0,-0.451249987
184,1,6.028,14.147,25.67,17.551,18.056,107,208,0,0,0.486250013
185,1,7.882,16.009,23.844,15.717,18.056,109,208,0,0,-0.451249987
186,1,5.697,13.793,25.969,17.873,18.142,109,209,0,0,-0.263749987
187,1,7.673,15.753,23.787,15.706,18.056,108,208,0,0,-0.263749987
188,1,5.869,13.967,26.105,18.007,18.316,108,211,0,0,0.173750013
189,1,7.571,15.664,23.943,15.849,18.142,108,209,0,0,-0.326249987
190,1,5.726,13.822,26.127,18.032,18.229,109,210,0,0,-0.451249987
191,1,7.553,15.648,24.136,16.041,18.229,108,210,0,0,-0.263749987
192,1,5.411,13.517,25.938,17.831,18.056,109,208,0,0,-0.201249987
193,1,7.675,15.798,24.014,15.891,18.142,108,209,0,0,15.67374992
194,1,5.605,15.535,27.83,17.9,17.882,109,206,0,0,-0.638749957
195,1,5.846,13.946,25.935,17.835,18.056,108,208,0,0,-0.076249987
196,1,7.75,15.847,24.222,16.126,18.229,109,210,0,0,-0.138749987
197,1,5.451,13.577,26.274,18.148,18.056,109,208,0,0,-0.263749987
198,1,7.256,15.399,23.9,15.758,18.056,107,208,0,0,-0.326249987
199,1,5.651,13.746,25.989,17.894,18.142,107,209,0,0,-0.201249987
200,1,7.707,15.807,24.317,16.217,18.316,108,211,0,0,-0.513749957
